-- phpMyAdmin SQL Dump
-- version 5.2.0
-- https://www.phpmyadmin.net/
--
-- Gép: 127.0.0.1
-- Létrehozás ideje: 2022. Aug 04. 14:12
-- Kiszolgáló verziója: 10.4.11-MariaDB
-- PHP verzió: 8.1.6

SET SQL_MODE = "NO_AUTO_VALUE_ON_ZERO";
START TRANSACTION;
SET time_zone = "+00:00";


/*!40101 SET @OLD_CHARACTER_SET_CLIENT=@@CHARACTER_SET_CLIENT */;
/*!40101 SET @OLD_CHARACTER_SET_RESULTS=@@CHARACTER_SET_RESULTS */;
/*!40101 SET @OLD_COLLATION_CONNECTION=@@COLLATION_CONNECTION */;
/*!40101 SET NAMES utf8mb4 */;

--
-- Adatbázis: `laravel_job_board`
--

-- --------------------------------------------------------

--
-- Tábla szerkezet ehhez a táblához `clicks`
--

CREATE TABLE `clicks` (
  `id` bigint(20) UNSIGNED NOT NULL,
  `listing_id` bigint(20) UNSIGNED NOT NULL,
  `user_agent` text COLLATE utf8mb4_unicode_ci DEFAULT NULL,
  `ip` varchar(255) COLLATE utf8mb4_unicode_ci DEFAULT NULL,
  `created_at` timestamp NULL DEFAULT NULL,
  `updated_at` timestamp NULL DEFAULT NULL
) ENGINE=InnoDB DEFAULT CHARSET=utf8mb4 COLLATE=utf8mb4_unicode_ci;

--
-- A tábla adatainak kiíratása `clicks`
--

INSERT INTO `clicks` (`id`, `listing_id`, `user_agent`, `ip`, `created_at`, `updated_at`) VALUES
(1, 7, 'Mozilla/5.0 (Windows NT 10.0; Win64; x64) AppleWebKit/537.36 (KHTML, like Gecko) Chrome/102.0.5005.124 Safari/537.36 Edg/102.0.1245.44', '127.0.0.1', '2022-06-23 11:53:14', '2022-06-23 11:53:14'),
(2, 46, 'Mozilla/5.0 (Windows NT 10.0; Win64; x64) AppleWebKit/537.36 (KHTML, like Gecko) Chrome/102.0.5005.124 Safari/537.36 Edg/102.0.1245.44', '127.0.0.1', '2022-06-23 17:44:16', '2022-06-23 17:44:16'),
(3, 46, 'Mozilla/5.0 (Windows NT 10.0; Win64; x64) AppleWebKit/537.36 (KHTML, like Gecko) Chrome/102.0.5005.124 Safari/537.36 Edg/102.0.1245.44', '127.0.0.1', '2022-06-23 18:25:28', '2022-06-23 18:25:28'),
(4, 46, 'Mozilla/5.0 (Windows NT 10.0; Win64; x64) AppleWebKit/537.36 (KHTML, like Gecko) Chrome/102.0.5005.124 Safari/537.36 Edg/102.0.1245.44', '127.0.0.1', '2022-06-24 10:03:31', '2022-06-24 10:03:31');

-- --------------------------------------------------------

--
-- Tábla szerkezet ehhez a táblához `failed_jobs`
--

CREATE TABLE `failed_jobs` (
  `id` bigint(20) UNSIGNED NOT NULL,
  `uuid` varchar(255) COLLATE utf8mb4_unicode_ci NOT NULL,
  `connection` text COLLATE utf8mb4_unicode_ci NOT NULL,
  `queue` text COLLATE utf8mb4_unicode_ci NOT NULL,
  `payload` longtext COLLATE utf8mb4_unicode_ci NOT NULL,
  `exception` longtext COLLATE utf8mb4_unicode_ci NOT NULL,
  `failed_at` timestamp NOT NULL DEFAULT current_timestamp()
) ENGINE=InnoDB DEFAULT CHARSET=utf8mb4 COLLATE=utf8mb4_unicode_ci;

-- --------------------------------------------------------

--
-- Tábla szerkezet ehhez a táblához `listings`
--

CREATE TABLE `listings` (
  `id` bigint(20) UNSIGNED NOT NULL,
  `user_id` bigint(20) UNSIGNED NOT NULL,
  `title` varchar(255) COLLATE utf8mb4_unicode_ci NOT NULL,
  `slug` varchar(255) COLLATE utf8mb4_unicode_ci NOT NULL,
  `company` varchar(255) COLLATE utf8mb4_unicode_ci NOT NULL,
  `location` varchar(255) COLLATE utf8mb4_unicode_ci NOT NULL,
  `logo` varchar(255) COLLATE utf8mb4_unicode_ci DEFAULT NULL,
  `is_highlighted` tinyint(1) NOT NULL DEFAULT 0,
  `is_active` tinyint(1) NOT NULL DEFAULT 1,
  `content` text COLLATE utf8mb4_unicode_ci NOT NULL,
  `apply_link` varchar(255) COLLATE utf8mb4_unicode_ci NOT NULL,
  `created_at` timestamp NULL DEFAULT NULL,
  `updated_at` timestamp NULL DEFAULT NULL
) ENGINE=InnoDB DEFAULT CHARSET=utf8mb4 COLLATE=utf8mb4_unicode_ci;

--
-- A tábla adatainak kiíratása `listings`
--

INSERT INTO `listings` (`id`, `user_id`, `title`, `slug`, `company`, `location`, `logo`, `is_highlighted`, `is_active`, `content`, `apply_link`, `created_at`, `updated_at`) VALUES
(1, 1, 'Consequuntur voluptas quisquam nihil explicabo eius.', 'consequuntur-voluptas-quisquam-nihil-explicabo-eius-4492', 'Osinski, Bernier and Douglas', 'Lebanon', '890eb7aa05caba0f41a25edd32b8dca4.jpg', 0, 1, '<p class=\"mb-4\">Voluptatibus rerum iste qui nisi ducimus et. Et et aut ut et autem sunt necessitatibus. Quia aspernatur sed exercitationem velit ratione. Impedit doloribus veritatis tenetur molestiae quos vero. Dignissimos exercitationem animi fugit in. Placeat nisi ut quo magni enim et ullam. Rerum voluptatum natus non ab quisquam. Asperiores aut adipisci consequuntur voluptas cupiditate aut repudiandae quisquam. Incidunt veritatis tempore iste ut saepe repellat. Aut quaerat fuga nulla dolorem saepe voluptas.</p><p class=\"mb-4\">Adipisci necessitatibus soluta assumenda quo fuga. Non tempore aut dolore culpa. Est nisi libero voluptatem inventore pariatur inventore. Aliquid quaerat dignissimos commodi eos culpa omnis nihil ut. Est iusto id odio voluptates facere qui consequatur. Odio dolor in provident quos eos. Magnam et deleniti excepturi consequuntur animi numquam dicta enim. Asperiores fuga et quia. Ratione officia cumque aspernatur et.</p><p class=\"mb-4\">Voluptatibus similique non voluptatem est hic. Enim consectetur eum magnam sint quis enim quidem. Odio dolor odio est aut odio quae commodi eius. Voluptatum laudantium officia iste sunt labore iusto. Qui eos odio quia temporibus reiciendis incidunt. Numquam quaerat illum sit autem aspernatur voluptates et. Ut voluptatem cupiditate exercitationem occaecati. Modi quod consequatur reprehenderit sint et.</p><p class=\"mb-4\">Enim fugiat quo sint dicta debitis nisi. Repellendus ea distinctio commodi. Maxime non saepe reiciendis ipsam est fuga voluptatem. Quia corporis voluptatem ipsum. Repellendus sint qui sit ad deleniti laborum. Tenetur est minima et unde eius. Ut quis magni cupiditate similique accusantium. Occaecati officia architecto voluptas ad qui incidunt quae. Suscipit hic molestias suscipit ut laborum et officiis reiciendis.</p><p class=\"mb-4\">Nemo voluptas laudantium fuga omnis vero. Nobis velit et reiciendis tempore corporis asperiores. Ducimus iusto dolorem quibusdam rerum numquam. Veritatis dolore amet dolorum et quia sed laboriosam. Illo provident ea laborum. Ducimus culpa odit fuga commodi quidem neque. Et sequi voluptatibus eaque est.</p>', 'http://www.dooley.info/fugiat-consequatur-ab-qui-consequatur-quod-voluptate', '2022-06-05 15:45:04', '2022-06-05 15:45:04'),
(2, 1, 'Voluptatem voluptates enim sint ipsam et nam fuga nisi eius.', 'voluptatem-voluptates-enim-sint-ipsam-et-nam-fuga-nisi-eius-5532', 'Harvey and Sons', 'Marshall Islands', 'e6b94013fe423475fd273c75bd16b465.jpg', 0, 1, '<p class=\"mb-4\">Quaerat repellat hic modi architecto. Reprehenderit nisi voluptatum corporis. Commodi non id aliquid. Est sed magni id dicta id. Distinctio voluptates voluptate quidem excepturi libero ut. Sit magnam voluptatem rem modi temporibus quia recusandae. Aliquid qui mollitia mollitia rerum temporibus. Corporis fuga dolorem aut qui perspiciatis nesciunt est quia. Eos rem sequi veniam.</p><p class=\"mb-4\">Inventore et tempora ullam quia unde nam. A ut dolore voluptatem. Consectetur ut maxime qui voluptatem quibusdam est. Inventore temporibus omnis ut eos. Est amet quia commodi dolor. Hic voluptatum doloremque cum sint hic omnis. Nam dolor nemo voluptatum.</p><p class=\"mb-4\">Excepturi veritatis tempora consequatur veniam ut. Animi culpa laboriosam quibusdam laborum quo. Aliquam id autem aut rerum quis. Odio laudantium sed veniam voluptatum earum ab est. Inventore magni quo ipsum eveniet. Beatae amet ratione placeat inventore. Non atque aut et doloremque earum. Sunt quia in quia ratione. Provident sapiente maxime eos et officia iure ut. Non consequuntur minima laudantium repudiandae dolor quae repudiandae.</p><p class=\"mb-4\">Voluptatem tenetur corporis quod ut esse quam. Ex deleniti fugiat aut aut sapiente voluptatibus dolorum. Odio qui architecto eaque consequatur a et voluptatem. Consequuntur dolorem sit explicabo labore ut reprehenderit. Architecto maxime perspiciatis sint eos est accusantium a. Expedita porro et autem molestiae enim sunt pariatur. Ducimus non eum ut corporis et. Nemo et cumque qui eaque laudantium. Ratione beatae tempore et et.</p><p class=\"mb-4\">Eos expedita accusamus omnis provident. Recusandae et enim repellat enim. Voluptatum voluptatem dolores nulla aut. Odit qui beatae tempora provident. Accusamus voluptatem quas et cupiditate dolore commodi unde. Atque quo id cum ut praesentium et dolorem.</p>', 'https://www.lakin.info/accusamus-omnis-voluptate-veniam-debitis', '2022-06-02 19:39:30', '2022-06-02 19:39:30'),
(3, 1, 'Ut quia sed magnam.', 'ut-quia-sed-magnam-1297', 'Tillman Ltd', 'Philippines', '3e459bd18df9a36058bdb29f7d2938a0.jpg', 0, 1, '<p class=\"mb-4\">Earum voluptatem adipisci veritatis non. Aut voluptatem delectus provident esse harum repellendus libero. Illo animi sit qui architecto et. Enim corporis maxime sed cumque quasi nisi sunt id. Blanditiis reprehenderit expedita mollitia expedita enim blanditiis aut. Sint et dolor vel quisquam non dolores.</p><p class=\"mb-4\">Minima nam a quia odit quibusdam tenetur. Qui qui et harum sint quis ut. Doloremque eum architecto eum quisquam non. Ullam culpa et dignissimos eius libero ex. Illum rem nemo voluptatem quia ipsum voluptas sunt. Deserunt dolorum dignissimos nesciunt eum aut ut ratione molestias.</p><p class=\"mb-4\">Cupiditate ut facere reiciendis beatae. Odit numquam consectetur asperiores et. Nihil libero quia libero sit corporis adipisci. Nihil recusandae commodi autem atque autem. Quia maxime velit provident beatae blanditiis maiores velit. Est ad sunt quidem et in accusamus numquam eligendi. Voluptatibus incidunt repellendus error voluptatem sit provident in. Mollitia recusandae quam ut repellendus placeat omnis. Vero assumenda et quidem exercitationem tempora et. Suscipit commodi rerum quisquam tempora.</p><p class=\"mb-4\">In minima sequi minus voluptatibus nulla. Et omnis facere esse et excepturi autem. Ducimus ut voluptatem et vitae cumque tempora atque. Exercitationem ex fugit accusantium iusto earum itaque. Fugit error aspernatur reprehenderit molestias in cumque. Ullam et voluptatibus sint nemo. Ipsa beatae repellendus inventore inventore velit quasi dicta cupiditate.</p><p class=\"mb-4\">Itaque voluptatem aut nam voluptatum sit at rem. Voluptate consequatur et atque voluptate aut. Saepe necessitatibus ex debitis dolorem voluptates. Delectus dolorem beatae ducimus ut praesentium nostrum perspiciatis sint. Excepturi dolores ea deserunt dolor et molestiae.</p>', 'http://www.rolfson.com/saepe-illum-possimus-nesciunt-eveniet-dignissimos', '2022-05-24 00:37:59', '2022-05-24 00:37:59'),
(4, 1, 'Ipsam laudantium nobis consequatur repudiandae quibusdam ut consequatur.', 'ipsam-laudantium-nobis-consequatur-repudiandae-quibusdam-ut-consequatur-9577', 'Schumm-Schinner', 'Guadeloupe', 'd2ca577264fed5be6fa63b9a38b1b7c4.jpg', 0, 1, '<p class=\"mb-4\">Occaecati quo accusamus perferendis placeat. Soluta voluptatibus eligendi ullam eligendi. Eaque ratione modi repudiandae nostrum veniam ut qui. Inventore labore a et aut. Quibusdam in beatae illum sit commodi. Consequatur molestias ut inventore quia.</p><p class=\"mb-4\">Placeat libero dolorem voluptas voluptas iure. Ex aut quam qui nam est. Non aut aut nostrum nihil eius consectetur dolore. Velit quibusdam unde esse quisquam molestias atque cum perferendis. Tenetur est est nam ut nihil.</p><p class=\"mb-4\">Impedit libero reprehenderit id quia quos et. Est optio eum est voluptas minima possimus illum dignissimos. Culpa libero porro sunt enim quibusdam error. Cumque quo veritatis quis non rerum et. Quisquam veritatis ad omnis. Optio culpa qui voluptas aut. Dolor minima distinctio hic non.</p><p class=\"mb-4\">Quae adipisci ducimus autem excepturi tempore. Maiores magnam tenetur ratione autem. Molestiae consequatur id dolor quasi. Repellendus non blanditiis rem a et. Sed sunt ab aut. Odit temporibus veniam voluptatem nam nesciunt.</p><p class=\"mb-4\">Earum quis voluptas fuga voluptatem placeat fuga eveniet. Aspernatur ullam quaerat officiis architecto porro possimus. Molestiae corrupti harum nisi sunt incidunt quisquam sequi totam. Accusantium iste excepturi sit quas corporis. Corrupti sunt ullam temporibus ex asperiores at odit. Est et commodi ut est unde ut sint. Ut ea commodi qui ut dolores quia consequatur. Quis sunt corrupti dolorem quis commodi et fuga. In dolor ut amet perspiciatis.</p>', 'http://www.kihn.com/expedita-sint-rem-voluptatem-cupiditate', '2022-06-03 02:33:56', '2022-06-03 02:33:56'),
(5, 2, 'Adipisci sequi et vel itaque natus.', 'adipisci-sequi-et-vel-itaque-natus-1819', 'Konopelski-Koepp', 'Germany', 'd34209f08380e0be8e644bb154c0cc79.jpg', 0, 1, '<p class=\"mb-4\">Ipsa non vitae eos fuga veniam eaque. Fugit non quis perferendis architecto. Minus quae veniam eius ullam cumque debitis velit voluptatem. Ratione labore sed aut aut atque in. Est adipisci molestias recusandae. Vel quo amet reiciendis odio ducimus enim aut. Similique ea qui quia dignissimos fugiat doloremque illo rem.</p><p class=\"mb-4\">Voluptatem veniam voluptatem ipsum et. Qui eum facilis sed doloremque. Minus praesentium nesciunt voluptas molestiae distinctio est. Quisquam quis facere esse et repellat occaecati. Adipisci eos nesciunt ad quae hic corporis.</p><p class=\"mb-4\">Rerum consequatur quis fugit eveniet laborum. Eveniet provident alias voluptas illum aut sunt ut. Et quam nihil quia est officia voluptate officiis. Quia aut similique id rerum deserunt similique. In doloremque exercitationem non minima expedita nihil quidem. Error voluptatem dolor aperiam veritatis corporis et libero. Iure nisi ratione quia voluptatem amet. Non fuga possimus eius natus molestiae sit.</p><p class=\"mb-4\">Ex rerum delectus quaerat placeat nihil voluptates molestiae. Aliquid suscipit odio sapiente inventore. Ut aspernatur aut et. Distinctio harum iste iure ipsam aut. Voluptatum quia dicta voluptatem aut architecto qui non in. Placeat est omnis ut sit et architecto maiores. Voluptatum earum magnam et consequatur libero qui molestiae.</p><p class=\"mb-4\">Quasi et est est quaerat. Qui deleniti nostrum tempora porro quae minus. Vel sunt quo alias autem. Harum nobis nobis quam iure dolor molestias explicabo. Eligendi alias neque possimus enim. Est dolorem delectus sed consequuntur minima aliquam vero. Deleniti sunt fugiat non aperiam neque doloribus voluptas. Id eaque voluptas excepturi itaque omnis optio temporibus. Porro molestiae quia eos non deserunt nihil neque reprehenderit.</p>', 'http://www.beatty.com/', '2022-05-27 16:47:18', '2022-05-27 16:47:18'),
(6, 3, 'Illum nihil dicta sunt itaque cum vitae repellat.', 'illum-nihil-dicta-sunt-itaque-cum-vitae-repellat-3385', 'Hermann Group', 'Seychelles', 'd708fd63407519a5055125b638ba0e09.jpg', 0, 1, '<p class=\"mb-4\">Quia et adipisci repellat voluptate praesentium labore. Id distinctio maiores beatae ratione cupiditate et explicabo. Sunt voluptatum quas qui quis nihil vero qui non. Quae reprehenderit quidem in corporis ea officiis. Aut recusandae et magni et exercitationem dolorem velit. Sed eum est quod rem aut tenetur dolorem. Maiores similique necessitatibus iusto. Nostrum sit sint at dolores assumenda sit sit. Temporibus molestiae provident autem dolorum non qui.</p><p class=\"mb-4\">Doloribus et excepturi ullam ut quas commodi molestias. Neque velit omnis et et dignissimos ut. Odio dolores necessitatibus nulla tenetur eaque qui. Qui soluta beatae beatae reprehenderit nemo vel delectus sunt. Nemo debitis id est. Exercitationem eaque sunt tenetur provident doloribus. Fugiat omnis eius velit temporibus est mollitia velit. Et voluptatum tempora voluptatibus et quia aliquam mollitia adipisci.</p><p class=\"mb-4\">Est voluptatem eos quas aliquam saepe. Et voluptates modi earum rerum facere nihil voluptatum. Sed enim et vitae minus libero soluta. Quaerat sequi et voluptatem ut quam sit. Expedita omnis unde eum sapiente ad libero sequi illum. Repellendus rem voluptatibus sit. Et est dolorum quia iure. Et quo facilis dolorum odio placeat.</p><p class=\"mb-4\">Ut veritatis harum harum quaerat sunt animi ut. Vero voluptatum voluptas vel deserunt occaecati provident minus. Harum ipsam officia eum dolorem quod dolor. Neque est voluptatem esse sunt deserunt laborum. Omnis quia nihil nam animi. Cum occaecati ipsum aspernatur aliquid porro recusandae aut inventore. Quidem fuga qui sit corporis dolorem harum. Ut quam natus quo quaerat distinctio et. Enim quia impedit nemo aut cum ipsam et. Repudiandae eius saepe dolores.</p><p class=\"mb-4\">Officia ab incidunt impedit rerum quia perspiciatis velit. In ratione aliquam nostrum qui aut. Cupiditate quae eligendi aperiam vel molestiae pariatur. Molestiae quia eos iste. Molestiae at omnis ab placeat quaerat aut est. Fugiat dicta quis beatae dolor sunt quia minus. Adipisci repellat unde placeat. Veritatis quisquam reprehenderit ullam quas inventore. Et est aliquid quisquam rerum voluptatem. Ea quasi magnam delectus incidunt officia fugiat.</p>', 'https://www.harber.biz/quia-rerum-tenetur-laboriosam-aliquam-distinctio-impedit-dolor', '2022-06-07 12:31:59', '2022-06-07 12:31:59'),
(7, 3, 'Dolor similique ea nulla consequatur unde.', 'dolor-similique-ea-nulla-consequatur-unde-4742', 'Hessel Inc', 'Svalbard & Jan Mayen Islands', '5cc5b37169340100458e71668201ba6b.jpg', 0, 1, '<p class=\"mb-4\">Vel delectus aliquam et. Quia ullam doloribus distinctio sint ut sint. Officiis nihil aut perspiciatis nostrum alias dolores voluptas. Est rerum ad id dolore accusamus. Molestiae dolor optio quis illum sit est et. Quo quia quod debitis officia officiis veniam id. Fugiat reprehenderit est commodi sunt consequuntur eos. Voluptatem sint quia molestiae.</p><p class=\"mb-4\">Dolor et sit voluptatem placeat eum neque et. Accusamus molestias temporibus est inventore quis necessitatibus. Beatae cupiditate quia recusandae sint esse. Delectus iusto et in perspiciatis in nam. Omnis distinctio beatae magnam vitae. Doloremque incidunt molestiae dolorum repudiandae quis odio quo. Voluptatibus ut rerum itaque molestiae inventore perspiciatis libero. Delectus velit laboriosam eveniet ducimus. Asperiores quibusdam ea quis consectetur eius voluptatibus quis nam. Qui odit dolorum numquam possimus et neque est recusandae.</p><p class=\"mb-4\">Atque hic asperiores voluptatibus eos eum omnis consequuntur. Dolor voluptatibus laborum commodi aut non. Ducimus nisi ut asperiores ea ratione. Mollitia aspernatur voluptatem beatae molestiae quis et. Nihil rerum perferendis autem officiis at delectus et. Debitis voluptatem aut ratione veritatis. Deserunt sit neque et nisi porro odit numquam. Veritatis beatae voluptas doloremque animi nihil ipsum minima unde.</p><p class=\"mb-4\">Molestiae doloremque ex laboriosam voluptatem minima dolores et. Libero sunt eum voluptates adipisci dolor et atque. Sed ea quia et neque veritatis quo laborum. Qui corporis dolorem et molestias consequatur totam perferendis. Voluptatum iusto veniam nam est aut earum qui.</p><p class=\"mb-4\">Deleniti adipisci iure enim ea. Sint dolore necessitatibus asperiores nisi. Ullam praesentium earum ut inventore amet. Illo corporis beatae nihil error ipsa. Id repellat qui non in vel. Optio voluptates ut quo commodi cumque quidem odio aut. Molestiae quidem unde laborum et.</p>', 'http://metz.org/veritatis-sed-quaerat-ut-hic', '2022-06-20 13:30:12', '2022-06-20 13:30:12'),
(8, 3, 'Quo dolorum eum omnis sit fuga nulla sed.', 'quo-dolorum-eum-omnis-sit-fuga-nulla-sed-2520', 'Connelly and Sons', 'Guatemala', 'e737a27f6d1270262e45f0d8bd9a0cb4.jpg', 0, 1, '<p class=\"mb-4\">Molestias officiis dolor ipsa necessitatibus omnis qui numquam. Magni occaecati voluptatibus debitis perferendis sint alias et. Tempore sequi quas sunt enim assumenda. Occaecati tenetur quo facilis rerum facilis et possimus. Vel quis qui nostrum quos quasi debitis. Quia molestiae voluptatum alias ipsa illum libero ut. Soluta ratione maxime voluptatem consequuntur laudantium in similique animi. Officiis quia facere dignissimos perspiciatis. Doloribus qui vel at sunt ratione ullam sunt. Laborum nulla possimus sunt harum eum quaerat.</p><p class=\"mb-4\">Eveniet blanditiis accusantium adipisci perspiciatis magni. Fuga fuga dolorem officiis in sed voluptate. Veritatis eligendi rerum ab. Harum quaerat nihil itaque quas incidunt commodi. Est molestiae at facere assumenda nihil voluptas maiores. Dolores vitae praesentium veniam dolor explicabo aut placeat ducimus. Libero sed temporibus laborum.</p><p class=\"mb-4\">Vel mollitia vel autem libero. Enim molestiae atque quibusdam et. Saepe qui nihil omnis cum ducimus. Quos sed ratione aliquid ab. Quia sed quis veritatis cum rerum qui. Adipisci sunt tempore et nisi quia accusantium ea.</p><p class=\"mb-4\">Dolorum ratione est nostrum assumenda veritatis. At sit soluta quos veritatis omnis et. Similique voluptas a quo consequuntur non magni. Voluptas dolorum distinctio sit similique qui aut. Repellat temporibus non asperiores quas nihil. Ea quo excepturi dolor et voluptates odio.</p><p class=\"mb-4\">Saepe dolorem non sapiente pariatur est. Quaerat dolorem deserunt dolore repudiandae sunt quo dignissimos. Facere voluptate est nulla corrupti suscipit. Ad dolores minus ut pariatur sit. Amet nobis magni doloremque ut iure impedit ducimus et.</p>', 'http://windler.com/eius-dolores-consequatur-mollitia-dolore.html', '2022-05-29 03:50:26', '2022-05-29 03:50:26'),
(9, 3, 'Consectetur tenetur voluptas placeat rerum sint.', 'consectetur-tenetur-voluptas-placeat-rerum-sint-4565', 'Sauer LLC', 'New Zealand', '62a2a121880ac2b74b443c6a6c9d5c27.jpg', 0, 1, '<p class=\"mb-4\">Possimus qui eligendi id molestias ipsa itaque consequatur. Ipsa quo possimus culpa facilis eius. Eaque aut rerum soluta quia vel magni. Occaecati repellat qui soluta. Id impedit quos velit non esse. Aut libero rerum alias quas aspernatur commodi deserunt quia. Unde adipisci aliquid voluptates aspernatur libero. Doloribus ratione repellat eveniet natus culpa quas et numquam. Harum perspiciatis quidem assumenda et quam in ex. Sit necessitatibus laboriosam sed voluptatum commodi.</p><p class=\"mb-4\">Ratione sunt laudantium autem reiciendis qui perferendis et ut. Porro corporis qui non corrupti sit magnam est quas. Eum est necessitatibus tempore. Ipsam animi eum ut est aut esse ut. Alias sint dolor ut. Suscipit nulla perferendis pariatur dolores perspiciatis nostrum. Voluptatem animi asperiores natus asperiores autem quia. Repudiandae modi vitae qui itaque.</p><p class=\"mb-4\">Saepe ratione adipisci perferendis sint. Nobis eum dolores id delectus dignissimos reprehenderit. Quidem suscipit temporibus eos cumque. Nulla et a quo impedit. Eius ex molestias porro quibusdam dolores quibusdam. Voluptate sint ullam commodi perspiciatis fugiat culpa adipisci.</p><p class=\"mb-4\">Et ab et tempora quia. Praesentium officia consectetur autem rem. Tempora soluta et vel ipsam distinctio. Incidunt voluptate nulla sint ipsa est autem atque eos. Similique et quam eum et sint dolorem magnam. A at omnis rerum enim fugiat odit sit. Ut placeat optio corrupti ratione. Non et possimus corporis enim non voluptas.</p><p class=\"mb-4\">Fugit sit non a nobis consectetur. Voluptas sed dignissimos odit quo dolor dicta. Doloribus qui ducimus quis itaque. Molestiae magnam veritatis recusandae rerum corrupti aut. Rerum aperiam rerum quia aperiam voluptatem dolorem. Et quo et eveniet incidunt nemo a. Numquam optio optio iure sunt quidem. Id nulla et dolore dolor similique eligendi.</p>', 'http://buckridge.com/enim-sequi-ad-in-eum-omnis-nihil-numquam-maxime', '2022-06-05 02:41:56', '2022-06-05 02:41:56'),
(10, 4, 'At vero vero unde non rerum.', 'at-vero-vero-unde-non-rerum-5769', 'Berge-Harvey', 'Northern Mariana Islands', '83cd69205d1c477d53eacb76ee482d46.jpg', 0, 1, '<p class=\"mb-4\">Nulla qui qui ipsa. Ut qui qui aliquid eligendi. Odio repudiandae quia et quo nisi est magni repudiandae. Nemo quam ratione nesciunt ut. Vero explicabo eos molestiae aut. Sed aut iste harum. Non ipsum qui fuga debitis ipsa dolore est.</p><p class=\"mb-4\">Aliquam qui qui ut magnam veniam. Velit amet impedit nostrum non. Id nemo porro possimus. Assumenda dolore illum dolores aliquid qui dolores illum voluptatibus. Rerum consequatur quam nihil praesentium nemo nam reiciendis. Voluptas rerum incidunt rerum at aliquid necessitatibus ex tempore. Praesentium mollitia veniam cum odit quia. Incidunt voluptas quasi at consequatur non a possimus. Sunt repellendus cum velit laudantium laboriosam eos nam.</p><p class=\"mb-4\">Alias laborum vel et. Et cupiditate voluptatem quas adipisci deserunt vel molestiae consequuntur. Sed temporibus quae et deleniti necessitatibus. Pariatur iste deserunt quisquam veniam. Praesentium rerum saepe accusantium eaque. Praesentium minus in possimus qui. Maxime quibusdam voluptatem praesentium ullam mollitia qui qui deserunt. Sapiente adipisci sit nostrum error perspiciatis fugiat ipsa.</p><p class=\"mb-4\">Id dolorum facere beatae eos natus ad. Id atque magni totam unde et deserunt voluptatem. Porro distinctio cupiditate sed expedita et temporibus. Enim eos repellendus sint esse explicabo. Eius est quidem eum voluptatibus est in. Voluptas est vero sed non id sapiente consequatur.</p><p class=\"mb-4\">Cupiditate quae numquam labore neque et natus. Earum iure cum nesciunt deleniti explicabo quis. Sunt quo ea earum eaque odio. Voluptas necessitatibus dicta et voluptate et libero. Magni voluptatem animi repellendus ipsa consequatur qui iste.</p>', 'http://mcglynn.com/id-ducimus-sed-dolores-corrupti-enim-nisi-mollitia-fuga.html', '2022-05-30 06:15:05', '2022-05-30 06:15:05'),
(11, 4, 'Ipsa voluptas quam est vel.', 'ipsa-voluptas-quam-est-vel-8381', 'Johnson Inc', 'Uganda', 'db7eb825f8a72d9e3c992c85fd693fed.jpg', 0, 1, '<p class=\"mb-4\">Nihil laborum dolores enim et id velit sunt. Occaecati hic nam qui aut voluptate eius qui. Perferendis et et et est id cupiditate eveniet et. Reprehenderit consequatur et reprehenderit atque voluptatem ab laboriosam. Nostrum magnam explicabo magni recusandae quam ullam. Facere qui et eos voluptates ipsa suscipit dolor voluptatibus. Et dolorem quibusdam laudantium adipisci.</p><p class=\"mb-4\">Omnis velit id officiis ipsam dolores libero. Quos architecto sit ipsam eos sunt est ratione. Et et eius quas ab optio vel. Id quaerat corporis numquam pariatur. Qui voluptates dolores explicabo sunt. Ut qui aut voluptate itaque iste ex perspiciatis qui. Consectetur vel cumque maxime ea. Hic et saepe voluptatem sed. Aut dolor necessitatibus exercitationem dolores pariatur earum non.</p><p class=\"mb-4\">Ut commodi accusamus sed exercitationem quam totam provident. Ullam quo reprehenderit voluptate sunt. Natus soluta odio quod eius distinctio. Qui et neque soluta qui beatae. Laudantium ad qui dolor doloribus sunt explicabo sint.</p><p class=\"mb-4\">Minima officia qui dolorem alias et corrupti. Et voluptas tempora dolor neque qui aliquam error. Hic corrupti quo voluptas consequatur nisi iure. Qui expedita et est et quo fuga numquam. Repellendus atque repellat labore aliquid sit. Sapiente aut accusantium error esse. Dolores reprehenderit dolorem dolore maiores incidunt. Ipsa maiores odio in ratione nobis et. Repellendus ut non non et provident nisi. Fugit velit quibusdam et repellendus qui accusantium.</p><p class=\"mb-4\">Aliquid qui nisi quae maiores. Aut ipsa esse quia et facilis. Magni qui debitis quo ex modi rerum. Porro sit assumenda sed aut placeat aliquam dolorum. Repellat repellendus beatae sit corporis. Dicta voluptate facilis aut aut sit sed fugit.</p>', 'https://lind.net/cum-consequatur-iste-ad-odio.html', '2022-06-19 23:17:24', '2022-06-19 23:17:24'),
(12, 4, 'Ipsam nam ipsa nihil illum eum.', 'ipsam-nam-ipsa-nihil-illum-eum-8596', 'Jacobs and Sons', 'Zimbabwe', 'f664dacc7a38719ce220fecb5991c7ec.jpg', 1, 1, '<p class=\"mb-4\">Aut et at saepe voluptas quo expedita. Voluptatem qui eum harum officiis consequatur et amet. Laudantium ut maxime placeat corporis officiis est. Veritatis cum voluptatum accusamus nam quia explicabo beatae. Iusto alias vel ea minima. Ut aut quisquam iste sunt dignissimos. Enim ut nihil doloribus nostrum quaerat libero. Alias eos molestiae placeat voluptas blanditiis sint. Aut provident consectetur doloremque labore corrupti. Aut rerum et amet.</p><p class=\"mb-4\">Maiores odit dignissimos inventore sint cum eveniet et. Rerum est magni accusantium omnis totam. Corrupti cum vitae est alias facere autem. Perspiciatis deleniti quis distinctio exercitationem quae labore. Numquam non aut labore ut. Recusandae assumenda cupiditate ut. Similique nostrum aut temporibus laborum quia quasi tempora. Ut accusantium voluptatem et rem sint aliquam officia repudiandae.</p><p class=\"mb-4\">Nisi laborum voluptatum ut. Vitae sit inventore accusantium velit alias voluptatem. Perferendis aut nulla nulla ut ratione voluptatem. Omnis quasi ut quis aut laborum vel. Repellendus et dicta vitae magnam delectus fugit. Magnam eum impedit neque.</p><p class=\"mb-4\">Sequi voluptatem a cum quo sed nemo ut ea. Cumque odit dolorem minima est et. Minima earum neque vel ducimus quos fugit. Maiores vel omnis consequatur odit odit laboriosam. Autem ut quam quidem consequatur. Aut temporibus et neque rem quae. Soluta pariatur esse aut odit. Suscipit fugiat rerum harum sit soluta officiis.</p><p class=\"mb-4\">At magnam itaque dolore eius minus quae exercitationem. Iusto cupiditate quo harum dicta illum. Accusamus necessitatibus nemo harum unde nesciunt dicta nihil maxime. Expedita rerum repellat accusantium vel sint. In nihil dolor optio eaque et sed.</p>', 'http://www.stehr.com/ut-harum-quod-mollitia-facilis-amet-eveniet', '2022-06-10 19:00:53', '2022-06-10 19:00:53'),
(13, 5, 'Id sunt qui magni voluptatum.', 'id-sunt-qui-magni-voluptatum-8314', 'Marvin PLC', 'Barbados', 'e64e26724772b1a34da7a5ee60b850f6.jpg', 0, 1, '<p class=\"mb-4\">Dolor facilis a sapiente numquam. Minus non nobis sunt amet voluptatibus ducimus odit voluptas. Officia impedit vero hic ea. Qui in pariatur quasi expedita et aperiam. Maiores vitae quae quibusdam magni recusandae. Omnis harum velit dolorum. Tempora sint eaque voluptatibus maiores necessitatibus repellat. Facilis excepturi eum eaque corporis vel molestiae. Sunt dicta est ut aut.</p><p class=\"mb-4\">Saepe similique officia dignissimos enim dolorum. Aut et consequatur excepturi delectus eos. Perferendis dolorem itaque soluta error sapiente possimus eum. Qui magnam sit blanditiis maxime error. Autem quaerat modi aut. Voluptas eos consequatur eos minus.</p><p class=\"mb-4\">Tempora et harum excepturi aliquam nihil laudantium autem sed. Laborum amet consequatur sit et architecto ut. Repudiandae aut aliquam necessitatibus esse rem illum soluta. Nemo quasi quis dolorum sit. Voluptatem maiores eos necessitatibus eos fuga delectus.</p><p class=\"mb-4\">Velit tenetur perspiciatis aut et repellat ab. Consectetur ex corporis doloribus debitis explicabo eos qui. Sit tempora vitae pariatur ipsum. Saepe laborum et dolorum natus commodi quo totam. Quia deleniti qui beatae laudantium ea rem et. Et repellendus non animi est ut consequuntur consequatur. Commodi rerum sint dolorem quasi sit adipisci explicabo. Quia aut debitis aspernatur nulla dolorem. Corrupti quia eum impedit ut.</p><p class=\"mb-4\">Totam eaque debitis quis itaque facere rerum. Nesciunt aut voluptatem magni ipsum. Reiciendis adipisci ea non et animi. Cumque eligendi quisquam illum numquam eaque labore quibusdam. Consequatur porro ratione ratione id necessitatibus.</p>', 'https://www.hauck.com/nam-consequatur-ducimus-aut-qui-voluptas-non-omnis-quos', '2022-06-07 04:33:22', '2022-06-07 04:33:22'),
(14, 6, 'Dolores odio at accusamus autem dolorem voluptatem debitis aliquam.', 'dolores-odio-at-accusamus-autem-dolorem-voluptatem-debitis-aliquam-3996', 'Powlowski Inc', 'Gambia', '134986315e760077e5781d4b510db6aa.jpg', 0, 1, '<p class=\"mb-4\">Asperiores vero aut repellat animi soluta quidem iste. Reiciendis veniam quia ut nemo. Cumque ipsa commodi nostrum enim reiciendis. Perferendis ducimus et aut eveniet eos. Cumque dolorum labore non hic voluptatem consequatur mollitia. Officiis molestiae consequatur praesentium recusandae corrupti voluptatem dolor.</p><p class=\"mb-4\">Consequuntur esse mollitia in consectetur dicta iusto. Sint architecto hic omnis quod possimus officiis et. Voluptatem error dolor deserunt sint. Provident facilis et beatae accusamus. Eos ullam cupiditate aut consequatur omnis libero.</p><p class=\"mb-4\">Sapiente temporibus neque animi. Et labore aliquam perferendis cum. Eius id soluta totam rem porro. Id voluptate assumenda facilis qui. Iusto est sed doloremque placeat dolorem aut repellat. At aut laudantium exercitationem quia maxime aut. Autem non esse magnam iure in aliquam consequuntur.</p><p class=\"mb-4\">Nam cupiditate quas ut facilis eum voluptas accusantium. Et ducimus facilis molestiae quis. Nobis est pariatur qui maxime odio. Ipsam fuga minus distinctio ut debitis rerum placeat. Dolorem magnam vitae explicabo ut velit qui amet. Quod ipsam dicta aut consequatur id beatae. Quia suscipit commodi minima provident laboriosam. Quaerat libero odio magni commodi saepe.</p><p class=\"mb-4\">Temporibus sint quod sed explicabo est cum autem. Voluptates sed qui eum voluptatem magnam similique. Cupiditate voluptas qui est quasi. Et ab quam natus maiores nihil. Ipsa ut ullam aut quis quidem dolore. Eaque ratione omnis modi. Magnam illum minus blanditiis qui quia omnis sed. Ipsa quaerat rerum amet est eius.</p>', 'http://www.durgan.com/minus-nemo-hic-sint-minus-expedita-qui-eligendi-ad', '2022-06-05 05:04:32', '2022-06-05 05:04:32'),
(15, 6, 'Sit qui quidem dolorem quas nihil officiis.', 'sit-qui-quidem-dolorem-quas-nihil-officiis-8836', 'Lindgren and Sons', 'Costa Rica', 'd7aae367571846efe1684fd079c6b0eb.jpg', 0, 1, '<p class=\"mb-4\">Omnis distinctio voluptates autem temporibus. Unde facere consectetur rem ea. Laboriosam suscipit sit neque qui fugit. Aut autem et beatae temporibus optio. Eaque ut totam saepe id laudantium commodi hic sunt. Minus culpa quo minus illo.</p><p class=\"mb-4\">Perspiciatis nisi sit facere expedita quia nesciunt id. Ut qui magni deserunt quibusdam quasi. In ab est sit. Voluptatum ratione animi consectetur non eum inventore. Aut pariatur debitis ipsam rem ipsum.</p><p class=\"mb-4\">Quae esse dolore aliquam accusantium. Omnis tempore omnis quae aut ut. Asperiores voluptatem corrupti voluptatem qui occaecati. Earum dolor et dolore quia non. Et porro et quibusdam animi eos.</p><p class=\"mb-4\">Soluta impedit deleniti iure. Autem ut saepe est culpa eum corporis. Autem aut facere ea et asperiores. Rem eligendi facere non excepturi facilis nulla ut eum. Aut soluta enim veritatis necessitatibus. Est repellat et dolores quaerat ut aut. Magni rerum voluptas suscipit doloribus hic. Ratione natus voluptates earum neque iste. Quibusdam adipisci maxime repudiandae repudiandae ratione corporis ut. Reprehenderit reiciendis autem nulla ut repudiandae sunt sequi tempora.</p><p class=\"mb-4\">Esse facere non animi velit. Voluptas et rerum autem eaque eius deleniti velit. Quia nobis debitis voluptas placeat est consectetur. Sit et dolorem animi veritatis praesentium sit nemo. Minus odio tempore soluta magni consectetur deserunt. Et voluptas ducimus provident voluptatem veniam expedita perspiciatis. Incidunt dolores omnis aspernatur autem minus vitae nam. Accusantium odio excepturi accusamus qui qui vitae aut.</p>', 'http://www.cassin.com/quis-id-est-dolores-eum-atque-nesciunt-accusantium', '2022-06-21 02:15:11', '2022-06-21 02:15:11'),
(16, 6, 'Expedita alias voluptatem aut beatae officiis deserunt.', 'expedita-alias-voluptatem-aut-beatae-officiis-deserunt-9965', 'D\'Amore-Koch', 'Samoa', '567e3ed84efcdfa3ced6ac389777c0a5.jpg', 0, 1, '<p class=\"mb-4\">Itaque vitae aut ut sit. Molestiae optio et explicabo voluptate maiores. Officiis expedita similique repellendus molestiae fugiat. Illo quia qui sed qui mollitia maxime sit. Cum minus vel fuga odio. Rem voluptatibus culpa aperiam a reprehenderit.</p><p class=\"mb-4\">Quis sapiente autem facere ut veniam. Voluptas ut asperiores et. Eveniet eum repellendus quae maiores tenetur aut. Voluptate et perspiciatis voluptas facere molestiae est. Doloribus aut voluptas qui. Doloribus atque culpa dolorum non facilis eaque. Eos illo suscipit exercitationem non incidunt fuga reiciendis. Maxime accusamus omnis et.</p><p class=\"mb-4\">Repellendus officia distinctio et minus. Architecto tempora laudantium quia doloribus iusto. Quos est possimus veniam quia. Laboriosam eos culpa vero explicabo. Quam quam quasi ut tempora eaque. Quas doloremque ab sint rerum. Praesentium facere recusandae molestiae possimus. Voluptatem occaecati enim tempora quo. Placeat similique ex qui recusandae vel. Repudiandae ut enim molestiae maxime enim.</p><p class=\"mb-4\">Fugit sint dolorum est. Beatae earum deserunt aut doloremque tempore. Labore doloremque rem dolore est odit. Temporibus perferendis nulla sed est. At consequatur sit tempore doloribus occaecati est repellendus. Magni voluptatibus ad aliquam inventore voluptates sunt. Tempora rem ducimus consequatur minus esse et in. Est recusandae in est voluptates. Ex consequatur numquam harum repudiandae. Assumenda voluptatem architecto laudantium.</p><p class=\"mb-4\">Quo est sed et perspiciatis quidem. Veniam ullam dolores soluta recusandae rem et. Dolorem qui optio facilis omnis. Tempora eum similique vel. Nobis doloremque et nulla adipisci sequi accusamus.</p>', 'http://www.gaylord.com/quas-et-placeat-doloremque-repellendus.html', '2022-06-02 08:22:00', '2022-06-02 08:22:00'),
(17, 6, 'Nesciunt eveniet id eum rerum saepe quibusdam non totam nihil.', 'nesciunt-eveniet-id-eum-rerum-saepe-quibusdam-non-totam-nihil-9658', 'Haley, Conroy and Gutmann', 'Faroe Islands', 'abda9b3d95a2996bd029d31187068f93.jpg', 1, 1, '<p class=\"mb-4\">Nisi hic tempore porro itaque. Aut consequatur voluptas veritatis mollitia magnam sed optio id. Ipsum delectus enim perspiciatis accusantium ipsam fuga. Velit autem labore ipsa. Doloribus dignissimos similique exercitationem culpa. Est suscipit nihil itaque dolores.</p><p class=\"mb-4\">Facilis quos facilis accusamus id. Mollitia consequatur rerum vel praesentium. Ullam quo nobis qui quia voluptate. Architecto deleniti et reprehenderit ullam aut. Est occaecati voluptatum ipsum ut nisi eum distinctio.</p><p class=\"mb-4\">Sapiente quam sed doloribus animi. Quas eveniet voluptate iusto dolorem quasi. Adipisci enim inventore ratione harum. Beatae assumenda non voluptatem eum et qui tempore. Similique omnis est qui laboriosam voluptatem. Eum voluptatem porro dolor molestiae. Minus dolor veritatis labore non. Nam et sapiente officiis necessitatibus ab laborum. Rerum vel eum fuga et qui aut id quia. Alias molestiae tenetur nemo sunt.</p><p class=\"mb-4\">Cum eum sunt sequi eum aut quisquam. Possimus molestias cupiditate iure dolorum. Dolores iste blanditiis sed quibusdam. Cumque est et temporibus mollitia saepe nihil. Quos atque deleniti ut molestiae.</p><p class=\"mb-4\">Vel vero non ut quisquam fuga omnis et. Eos fuga aut ut quo ut illum perspiciatis tempora. Id porro quia autem asperiores quia. Debitis aut aut nisi quisquam nisi ipsam officiis quaerat. Adipisci iusto est odit et nemo reiciendis. Atque iste nemo quam eos ut eaque. Libero velit dolorum dicta illum consequatur quibusdam aut. Voluptas reprehenderit sit suscipit modi tempora. Rerum praesentium quis ut quia eum minima. Molestiae suscipit velit nulla cumque dignissimos.</p>', 'http://lowe.com/', '2022-05-25 13:15:55', '2022-05-25 13:15:55'),
(18, 7, 'Tempore quos eligendi animi.', 'tempore-quos-eligendi-animi-3432', 'Waelchi and Sons', 'Armenia', '348b27be5f505bf41e7da4277ffb0a2e.jpg', 0, 1, '<p class=\"mb-4\">Ad omnis sed dolor magnam. Culpa repudiandae architecto vel est suscipit qui itaque. Adipisci ut aperiam ut rerum ut. Tenetur maxime aliquid quod aspernatur recusandae omnis. Iste neque omnis doloribus quibusdam quas eligendi. Necessitatibus distinctio officiis vero perferendis sapiente. Quaerat sapiente officiis eaque quam. Nemo non ex nesciunt voluptatem repudiandae. Sunt porro hic eius ipsum.</p><p class=\"mb-4\">Consequatur quia recusandae illum excepturi rerum dolorum. Odio eos provident ea culpa ad. Beatae est ut voluptas voluptatum laboriosam laudantium blanditiis qui. Sequi error qui qui quaerat nam nesciunt error sit. Ut pariatur nobis fugit quis. Iure ullam corrupti modi ea. Velit magnam libero nihil. Voluptatem in et similique in rerum. Deleniti debitis distinctio reiciendis error cum.</p><p class=\"mb-4\">Ipsum sunt beatae est amet veritatis sit. Dignissimos nihil sapiente sequi architecto pariatur dolores magnam officiis. Reiciendis qui dolor eos non aperiam iure est ipsum. Blanditiis quas voluptates sed eum. Quis consectetur ut est quia cumque quam sed. Sed aspernatur hic illo mollitia in voluptatibus nostrum. Incidunt ut eaque voluptates dignissimos maiores aliquam odit quidem.</p><p class=\"mb-4\">Voluptas ex aperiam quod rem ipsa. Qui mollitia sed animi velit. Corrupti laborum dolorem voluptatibus eos. Voluptatem ut numquam sequi eaque perspiciatis. Quia repellat aut molestiae quia. Qui eos optio ad id eligendi sit quia. Soluta iure quisquam vel voluptatem rem voluptatum cupiditate eum. Provident distinctio odit veniam unde est eos fugit.</p><p class=\"mb-4\">In aliquam ratione provident quam aut cum pariatur. Quibusdam ea magnam nobis voluptas. Labore quia dolores enim libero ullam animi. Nisi earum voluptatem natus aut. Sit perspiciatis qui perferendis minima corrupti doloremque nostrum.</p>', 'http://fadel.net/', '2022-06-09 20:00:24', '2022-06-09 20:00:24'),
(19, 8, 'Fugit exercitationem ipsum vitae doloribus expedita minus eum.', 'fugit-exercitationem-ipsum-vitae-doloribus-expedita-minus-eum-2335', 'Weber PLC', 'Northern Mariana Islands', 'c463218a1796eb0d48245c4146f958b4.jpg', 0, 1, '<p class=\"mb-4\">Voluptatem ab eos pariatur necessitatibus qui. Sint officia inventore magnam qui. Autem voluptate odio saepe consequuntur labore. Asperiores culpa dolor nihil quia aut. Exercitationem eveniet vero accusantium consequuntur.</p><p class=\"mb-4\">Numquam blanditiis alias expedita voluptas. Numquam ducimus omnis possimus vitae. Nihil accusamus animi libero odio. Non et rem vel tempore eos voluptas laborum voluptatem. Reiciendis odio adipisci sunt et repudiandae omnis natus quod. Optio qui a maiores omnis et iste non. Fugit at et assumenda quod commodi fugit. Aperiam rem repellat in a eveniet.</p><p class=\"mb-4\">Deserunt architecto consequatur voluptatem quisquam sit. Iusto dolor deleniti rem natus doloribus aspernatur quasi. Repellat facilis iusto impedit dignissimos sed. Et qui unde soluta molestias ut. Ut dolore pariatur est exercitationem. Qui sapiente qui molestiae quisquam officiis repudiandae.</p><p class=\"mb-4\">Aliquid architecto incidunt nulla quae earum. Error saepe vero dolorem. In est asperiores beatae qui minima est ut. Amet eaque eius fuga ex debitis iure sint. Quia veritatis voluptas atque autem.</p><p class=\"mb-4\">Eaque consequatur eum voluptatem laboriosam nesciunt. Unde repellat assumenda ipsam libero dolor sint nihil. Et soluta quae voluptatem delectus nostrum dolorum. Molestias similique error suscipit ducimus ipsa. Ea repellat ducimus sint ex sint. Modi beatae aperiam sed laudantium omnis consectetur sit id. Voluptatibus quos consequatur tempora voluptate cum consequatur. Tempore quas omnis occaecati in rerum at. Aut non ratione et delectus.</p>', 'https://www.gibson.org/non-deserunt-cumque-non-totam-officiis-ipsa-temporibus', '2022-06-10 13:54:13', '2022-06-10 13:54:13'),
(20, 8, 'Explicabo in nihil exercitationem earum.', 'explicabo-in-nihil-exercitationem-earum-5982', 'Beier, Stamm and Paucek', 'Iceland', 'd06b9088f1071377ddf55a011806cd4f.jpg', 0, 1, '<p class=\"mb-4\">Similique reiciendis tenetur necessitatibus impedit dolores quos aut. Ducimus sit magnam laudantium ut consectetur et dolorum. Et enim et optio qui magni consectetur voluptatem sapiente. Placeat id commodi ut neque fugit aliquid. Magnam et autem corporis facilis. In aliquam et voluptas eum. Voluptatem enim amet qui voluptas ad. Magnam porro et autem eligendi veniam et.</p><p class=\"mb-4\">Eos repudiandae debitis aliquid quam sed rerum. Doloremque sunt unde perspiciatis omnis. Maiores voluptates qui aut cupiditate iusto officia. Numquam laborum illo sit ipsum. Veniam porro animi natus aut dolorem. Quo libero dignissimos consequatur dolorum.</p><p class=\"mb-4\">Maxime velit quam sunt qui labore rem. Similique sed ut ut est hic corporis. Sit voluptas voluptate eum magni. Perferendis ut beatae ratione vitae ea tempora. Possimus consequatur aut ipsam aut doloribus assumenda.</p><p class=\"mb-4\">Enim eos aut ut ut aut. Dolore recusandae maiores officia rem hic magnam iste. Corporis et necessitatibus est aliquam. Eveniet occaecati at quibusdam natus quasi sed. Totam aut atque est earum et. Nesciunt ut voluptas molestias doloribus magnam quia voluptate. Est repellendus tempora impedit quia molestiae blanditiis vitae. In dolorum voluptatum hic eligendi consequatur. Est dolor sed asperiores aut corporis consequatur. Iusto cupiditate qui quo commodi quia enim.</p><p class=\"mb-4\">Magni quis voluptates ipsum aliquid quibusdam optio ratione. Eos est nobis illo laudantium. Enim et quasi et tenetur id et et. Possimus et est explicabo qui voluptate quibusdam vero. Sit aut adipisci error sit fuga quisquam. Est consectetur dicta earum qui incidunt molestiae cupiditate. Explicabo ut aspernatur rerum tempore sit omnis debitis qui. Sed ipsum et laudantium molestiae ullam a. Vel ad iusto nulla tempora ut architecto.</p>', 'http://brown.com/', '2022-06-14 19:00:15', '2022-06-14 19:00:15'),
(21, 9, 'Deleniti sit excepturi voluptatibus quis assumenda.', 'deleniti-sit-excepturi-voluptatibus-quis-assumenda-5569', 'Koepp-Kirlin', 'Botswana', 'a4d66ef2aaa2a07a40110b99b7894583.jpg', 0, 1, '<p class=\"mb-4\">Cupiditate omnis quam mollitia velit rerum ut. Ipsam asperiores corporis aut fugiat corporis. Consequatur dolorum tenetur nemo autem minima. Cum odit vel officia omnis nisi possimus. Est enim quam minus et. Nam ut aliquid aut. Reiciendis eos natus ab et pariatur labore corrupti. Suscipit et distinctio eum quia ipsam esse.</p><p class=\"mb-4\">Provident eos qui maiores molestiae fugit veniam vero. Quia quisquam et voluptas odit repellat est soluta. Beatae aut veritatis ea. Culpa voluptas officia maxime qui totam porro. Quia eligendi similique dolores non labore deserunt. Reiciendis ipsum aspernatur ducimus est consectetur. Eos et sed voluptates eos nam. Molestiae consequatur qui aut quisquam et et. Odit odit dignissimos quam quasi expedita molestias.</p><p class=\"mb-4\">Consequatur repudiandae minus ipsa voluptas repellendus et. Id dolorem et animi magnam nisi. Rem fuga in beatae aspernatur animi pariatur. Totam ut libero voluptatem ducimus aperiam maxime sit. Omnis vero repellat cumque quia. Cumque et aspernatur quibusdam repellendus. Iusto aperiam iste odio voluptatibus sit quia similique enim. Pariatur non voluptatem eos aut molestias. Architecto deserunt eos quis earum temporibus. Provident ducimus voluptatem aliquid voluptatem.</p><p class=\"mb-4\">Voluptas inventore aut itaque a sunt recusandae illum nostrum. Dolorem maiores nulla sed. Quam assumenda corporis itaque. Et distinctio quo dignissimos possimus provident tempore. Et repellendus voluptas modi quasi non asperiores libero. Eaque eligendi velit mollitia id cumque rerum. Et fugiat veritatis assumenda labore aliquam dicta. Laborum temporibus occaecati iusto maxime molestias non et.</p><p class=\"mb-4\">Sed sit nisi et deleniti. Accusantium veritatis veniam pariatur. Tempora architecto deleniti numquam dolorem. Accusamus incidunt inventore architecto sed. Voluptates doloribus voluptatem omnis est. Velit ratione velit omnis dolores temporibus. Vel officia sunt illo inventore mollitia ratione. Ea voluptatem et officia velit omnis fugit. Sed error assumenda distinctio reprehenderit. Voluptatem nam consequatur quia quidem.</p>', 'http://www.zieme.com/', '2022-06-20 06:30:55', '2022-06-20 06:30:55'),
(22, 9, 'Perspiciatis fugit excepturi sit rem accusantium et.', 'perspiciatis-fugit-excepturi-sit-rem-accusantium-et-8868', 'Russel, Streich and Hahn', 'Finland', 'ddbb78eb7d1a4166d70d2d95f34ced04.jpg', 0, 1, '<p class=\"mb-4\">Atque necessitatibus quia vel molestias et earum. Iste atque recusandae ad error dicta ea culpa. Eum aut rerum tempora unde necessitatibus sed soluta. Eos quibusdam quas officia harum quam animi. Pariatur et exercitationem ea voluptas. Ducimus aut ipsum ipsa id deleniti accusantium.</p><p class=\"mb-4\">Pariatur quisquam tempora molestiae autem quia. Modi optio nulla voluptatibus recusandae voluptatibus qui consequuntur. Nemo veritatis deleniti est et veritatis qui hic. Eum atque amet exercitationem. Et doloremque eveniet perferendis molestiae modi sint. Quisquam non sint architecto laudantium fugiat. Praesentium voluptatibus voluptates sit perferendis unde. Autem id aut rerum enim qui necessitatibus debitis.</p><p class=\"mb-4\">Reprehenderit fuga eum necessitatibus sunt vero eaque ex natus. Et autem eaque sed est culpa explicabo. Impedit earum omnis omnis minima et. Quasi quia et consectetur eos omnis voluptates necessitatibus. Id laborum iusto a. Explicabo vel corrupti porro impedit sunt ea. Eos dolor rerum quaerat iste doloremque voluptas aut.</p><p class=\"mb-4\">Aut architecto voluptas sed veniam explicabo et. Doloremque doloremque consequatur eum ab. Autem earum quae beatae quis. Quas numquam nostrum omnis quo. Beatae omnis inventore tempore nihil architecto dolores. Quae ex dolores dolorem quod placeat nemo recusandae. Deserunt nihil deleniti autem laudantium enim ab non. Ut est nesciunt soluta qui earum minima. Est et inventore rerum fugiat nulla voluptas labore. Fugiat autem sed fugit hic omnis.</p><p class=\"mb-4\">Ratione voluptatem nam quis ducimus voluptatem vitae. Sunt sequi quibusdam occaecati quae accusantium voluptates facere. Et eos autem sequi quidem nisi dignissimos. Tempore magnam ab minus aperiam velit et. Repellat laborum labore minima sint nostrum suscipit. Et natus quia vel. Consequuntur et magni provident architecto non. Eius libero iure quia reiciendis velit praesentium consequuntur consequatur. Accusamus ipsa et iusto dolorem.</p>', 'http://muller.com/eveniet-sit-adipisci-quasi', '2022-06-11 14:33:04', '2022-06-11 14:33:04'),
(23, 10, 'Ipsa minima dolorum nesciunt ut eum quas.', 'ipsa-minima-dolorum-nesciunt-ut-eum-quas-1181', 'Larson LLC', 'Vietnam', '7efb4d31730bd40bbc1cb329242fb028.jpg', 0, 1, '<p class=\"mb-4\">Quia provident ut impedit a sint dignissimos aut. Ea optio quibusdam aut reiciendis molestiae quibusdam et. Molestiae facere placeat consequatur atque reprehenderit. Perferendis atque alias aut repudiandae dolorem aut suscipit. Magnam autem nemo tempora aliquam eligendi voluptatem iste. Voluptas reprehenderit iure adipisci architecto.</p><p class=\"mb-4\">Illum quis ut suscipit voluptatem cupiditate quae a magnam. Eveniet neque qui porro saepe nihil sit veniam. Ipsam pariatur architecto dolores illum et alias. Ullam culpa quo aut dolorem et harum exercitationem nesciunt. Natus praesentium labore omnis voluptate quaerat nostrum. Ut qui ut sit autem expedita. Unde tempore ex cum accusamus. Quod animi incidunt at enim. Reprehenderit facilis ut voluptatibus temporibus animi omnis officia.</p><p class=\"mb-4\">Dolore tempore dolorem officia sunt maiores ab. Eius omnis rerum illum autem. Maxime laudantium odio non necessitatibus eius accusantium. Eos excepturi officiis sed nesciunt. Consequuntur dolores eos excepturi voluptas. Veniam et ut iure hic voluptates.</p><p class=\"mb-4\">Ut voluptas quo sunt aspernatur alias. A sint eveniet reprehenderit modi labore quis. Ut labore consectetur explicabo nulla eos distinctio. Provident incidunt magni in aut. Natus quas harum reiciendis ut rem ipsum laborum. Eos est corrupti doloribus. Nam dolores accusamus in. Qui provident animi numquam deserunt ut non.</p><p class=\"mb-4\">Totam sit quia minima rerum commodi eos nemo. Repellendus vel sed molestias molestiae. Ut consectetur dolorem corrupti omnis assumenda modi rem. Est dolore aut unde qui vero non et eveniet. Ipsa consequatur sit porro ratione blanditiis. Necessitatibus dignissimos aliquid sequi adipisci voluptatem reprehenderit vitae. Aliquid accusamus reprehenderit labore aliquid quisquam et doloribus eveniet. Omnis id autem tempora dolor at ab qui. Natus et illum delectus et numquam voluptatum. At voluptatem commodi eum ut molestiae.</p>', 'https://kemmer.com/quia-ullam-soluta-quia-minima-esse.html', '2022-05-24 16:02:11', '2022-05-24 16:02:11');
INSERT INTO `listings` (`id`, `user_id`, `title`, `slug`, `company`, `location`, `logo`, `is_highlighted`, `is_active`, `content`, `apply_link`, `created_at`, `updated_at`) VALUES
(24, 11, 'Asperiores aut dolor cumque rerum quos omnis.', 'asperiores-aut-dolor-cumque-rerum-quos-omnis-6407', 'Kovacek, Marks and Steuber', 'Nicaragua', '54da1e5e6bcbd45033ccb3717e409003.jpg', 0, 1, '<p class=\"mb-4\">Neque impedit quidem unde ut non praesentium vel. Fugit tenetur aspernatur iste non nam eum. Quia omnis quam esse. Asperiores corrupti fugiat accusamus suscipit cupiditate. Repudiandae aperiam omnis ut architecto laborum. Vero vel omnis deserunt animi. Commodi reiciendis labore accusamus sunt placeat dolor molestiae nisi. Et eos et ex alias.</p><p class=\"mb-4\">Voluptas voluptatem ut enim vero eum alias. Ut earum corrupti et adipisci voluptas possimus voluptas earum. Dolorem sint quis aliquam aut. Voluptatibus atque dolorem rerum id delectus nemo. Minus consequuntur porro vel rerum dolore rerum. Explicabo eos nam quis numquam.</p><p class=\"mb-4\">Voluptas ad soluta quia quia qui. Minima laboriosam laborum laboriosam repellat exercitationem et deserunt. Repudiandae natus voluptates ut velit esse magni dicta. Quasi qui fugit dolorem qui amet porro. Eius impedit suscipit dolore et nulla ea. Ullam minima tempore sunt. Voluptatem adipisci sapiente exercitationem modi.</p><p class=\"mb-4\">Ex aut fuga optio dolor quis. Quae quo quos pariatur aut velit et. Officia voluptatibus aut culpa nobis voluptatem et consequatur. Accusamus aspernatur aut pariatur voluptas ut. Veniam sed mollitia quisquam nobis culpa incidunt sequi expedita. Asperiores porro neque aspernatur qui error amet quae cum. Ea odit deserunt esse explicabo dolores laborum. Tempora autem explicabo dolor sed. Voluptas labore qui expedita placeat iure asperiores. Maiores iste quis ea quo fugit nam.</p><p class=\"mb-4\">Est quis sunt dolorum molestiae officiis perferendis laborum accusantium. Ullam molestiae totam maiores magnam facere. Quia nam corporis suscipit delectus. Omnis accusantium et qui placeat culpa debitis autem. Dolorem voluptatem eveniet et aspernatur ea vel vel. Est quia accusantium aut rerum. Provident aperiam consectetur error qui vel et officiis. Maxime provident laboriosam laborum dignissimos repellendus ipsa porro.</p>', 'http://russel.com/quaerat-et-aut-ducimus-dolores.html', '2022-05-24 09:24:16', '2022-05-24 09:24:16'),
(25, 12, 'Unde id in earum nulla odit.', 'unde-id-in-earum-nulla-odit-9066', 'Okuneva-Shields', 'Saint Helena', 'd358de734b6d86bcb459a8734fbc32b8.jpg', 0, 1, '<p class=\"mb-4\">Optio dolore dolor qui hic. Id repellat corporis itaque et aut aut corrupti. Ut mollitia cupiditate sapiente aut. Eius placeat et laborum. Dolor architecto amet voluptatem quis earum fugiat id. Id et quia culpa aut aperiam.</p><p class=\"mb-4\">Veritatis aspernatur sapiente qui iusto quas. Et quos dicta nostrum atque iste eveniet. Necessitatibus qui numquam illum temporibus quidem veritatis aperiam. Deleniti corporis soluta animi ea nihil quae vitae. Provident eligendi sed accusantium doloremque at et aliquid. In est qui quia nisi totam placeat. Et totam esse impedit tempore minima. Illum libero eveniet quo odio sed ea laboriosam. Doloribus natus facilis aperiam mollitia magni nihil.</p><p class=\"mb-4\">Molestiae voluptatum earum harum reprehenderit et aut. Et quod quia blanditiis sed mollitia quisquam. Tenetur minus sed cupiditate exercitationem. Commodi voluptatem ipsa magni nobis. Aliquam consectetur culpa deserunt itaque. Id voluptates laborum sequi fugiat. In quasi nihil numquam ea saepe voluptatem inventore.</p><p class=\"mb-4\">Iure velit fugit aut. Explicabo alias tempora dolor quia. Delectus culpa beatae perspiciatis quasi laboriosam ut. Placeat commodi debitis quo doloribus totam fuga. Facilis aut eum consequuntur perferendis. Quis sint et rerum numquam quod. Qui non itaque dolorem quia voluptatem cupiditate. Harum deserunt corporis dolores. Libero voluptatem est tenetur magnam esse blanditiis id. Quia nobis ducimus et deserunt id sed quia voluptatem.</p><p class=\"mb-4\">Aut aut recusandae accusamus quisquam blanditiis sed rerum. Molestiae facilis hic numquam atque. Sed consequatur quo molestias nulla consequuntur quo impedit. Saepe aspernatur rerum praesentium et accusantium quisquam. Fugiat voluptates dolorem dicta occaecati aliquam quam. Nulla libero nihil et perferendis enim illo deserunt. Dignissimos animi asperiores explicabo neque dicta eaque est.</p>', 'http://hansen.com/qui-error-quis-eos-est-ipsum', '2022-06-01 06:30:45', '2022-06-01 06:30:45'),
(26, 12, 'Aut sint recusandae sed.', 'aut-sint-recusandae-sed-2053', 'Beatty, Rodriguez and Von', 'Nicaragua', '814983dd7ecbe8a3461a77bf0dbb7162.jpg', 0, 1, '<p class=\"mb-4\">Mollitia necessitatibus quos velit quisquam maiores sit. Natus eius maiores id officiis quia facere. Sed molestias impedit dicta velit eligendi consectetur aliquam ut. Accusamus nihil beatae et cupiditate et sunt aut. Facilis error neque recusandae omnis et laborum ratione. Fuga voluptatum saepe et officia. Provident accusamus qui sed sed sunt quia numquam. Voluptatem quisquam accusamus occaecati voluptas rem. Dolores maiores dolorum quo recusandae maiores illum.</p><p class=\"mb-4\">Cupiditate pariatur nostrum quas aut est rem dolorum. Animi perspiciatis at ut sed modi omnis sapiente. Qui temporibus quia aliquam cum ea impedit et aut. Quia voluptatem non quas enim quos suscipit similique. Et eos autem necessitatibus aut. Quos nobis sed aliquam fuga ea vero facere. Cum quaerat quia omnis et omnis. Sed et tempora et omnis reiciendis.</p><p class=\"mb-4\">Quod quisquam nulla illum et quis maiores. Autem et corporis quae amet aperiam animi. Sed magnam beatae velit ullam nobis. Nam omnis explicabo veniam eligendi minima. Dolore officia voluptatem enim quas iusto. Porro vel aspernatur laborum sint dicta facere. Excepturi possimus id hic accusamus ut ut. Laboriosam unde consequatur reprehenderit tempore. Ullam facere sit ab quidem eum illum. Enim molestiae ipsam quam laborum sunt.</p><p class=\"mb-4\">Mollitia exercitationem nulla temporibus sed molestias quibusdam ea. Voluptatem labore nesciunt veritatis dolores quo a autem. Atque nesciunt illum temporibus maiores. Mollitia est perspiciatis qui. Qui nihil et sit impedit. Et corrupti facere labore suscipit.</p><p class=\"mb-4\">Quisquam itaque at quis aut possimus aut adipisci qui. Occaecati quos suscipit aut aliquid ex fugit. Aliquam voluptates alias qui. Consequatur sit repellendus eum error dolorem rerum. Ratione enim omnis atque iusto necessitatibus tempore. Magni sapiente dignissimos qui ea soluta ipsa excepturi. Qui libero hic quia aspernatur vero voluptatibus. Voluptatum qui nesciunt voluptatum odit earum similique.</p>', 'http://robel.biz/eos-nobis-qui-molestiae-blanditiis-qui-sint-vel-beatae', '2022-06-02 10:44:06', '2022-06-02 10:44:06'),
(27, 12, 'Excepturi ut et velit aperiam quo qui fugiat.', 'excepturi-ut-et-velit-aperiam-quo-qui-fugiat-5535', 'Murray PLC', 'Trinidad and Tobago', 'fa42a67c4f50c0c43e95bda84b263224.jpg', 1, 1, '<p class=\"mb-4\">Ullam ea molestiae sit molestias. Aut odit amet adipisci. Delectus explicabo corrupti facere est earum et numquam est. At voluptatem perferendis vitae ab. Nisi harum voluptatum ea ipsam et. Dignissimos voluptatem qui distinctio ut. Est deleniti vel qui sunt autem.</p><p class=\"mb-4\">Nam officia nisi voluptate molestias ut. Praesentium assumenda sit autem aliquam eius. Aut sed maiores rem consequatur et sed. Saepe illo consequatur voluptatem. Ea possimus nam deleniti qui omnis. Eligendi quos eos impedit in ut tempora fugiat.</p><p class=\"mb-4\">Delectus distinctio ipsa quibusdam est rem hic. Sunt rerum est quae voluptas eaque necessitatibus dignissimos. Et eos omnis sit suscipit autem quis. Eveniet voluptatem iusto et quis nam voluptatum architecto est. Consequuntur nam aliquam dolor maiores voluptatem. Est omnis omnis incidunt ipsum maxime necessitatibus. Tempore consectetur modi et. Dolores rem quis quasi beatae illo repudiandae. Non dolorum omnis incidunt odit autem sapiente. Perspiciatis atque placeat eius.</p><p class=\"mb-4\">Molestiae repudiandae aut qui eum et assumenda. Sit omnis quo error sunt magnam et quisquam. Dolorum velit iure illo cumque mollitia ipsum beatae et. Enim amet illum natus et neque aliquam. Fugit id voluptatibus doloremque et aliquam ut est error. Non saepe assumenda officiis. Deserunt soluta voluptatem accusantium iusto velit voluptatem esse. Consequatur quia impedit quos sed. Aliquid et dolorem aut consequatur ullam omnis explicabo. Placeat sapiente vel laboriosam ad magnam.</p><p class=\"mb-4\">Voluptatem repellat rem ipsam quo id fuga. Eaque omnis dolor similique vel. Minus et est omnis repudiandae voluptatem. Mollitia consequatur ipsa deserunt. Deserunt est minima nostrum ut similique corrupti consequatur. Ratione ad aut provident neque architecto labore.</p>', 'http://kilback.com/architecto-nostrum-atque-non-doloribus.html', '2022-06-15 10:33:48', '2022-06-15 10:33:48'),
(28, 13, 'Quaerat nemo fugiat et nam ipsum est asperiores omnis.', 'quaerat-nemo-fugiat-et-nam-ipsum-est-asperiores-omnis-2944', 'Rutherford Group', 'Tokelau', 'b998ea90e462b12a086ae6a8f87d9e06.jpg', 0, 1, '<p class=\"mb-4\">Saepe deserunt tenetur aspernatur est voluptas expedita. Maiores aut eligendi eum quisquam et. Et recusandae aliquam aut necessitatibus. A corrupti odit praesentium. Aspernatur alias asperiores sequi suscipit.</p><p class=\"mb-4\">Nostrum sit non amet odio labore odit. Nemo debitis eum aut omnis dolorum deleniti voluptatibus. Cumque atque provident provident id. Expedita aut quisquam quisquam dolor officia. Itaque animi aliquam ad iusto tempore officiis ipsum.</p><p class=\"mb-4\">Sed quam est dolores. Velit et et vel voluptas maiores quae dolorum. Libero optio amet perspiciatis doloremque. Voluptatem explicabo accusantium optio. Omnis quam nihil dolorem unde.</p><p class=\"mb-4\">Odio voluptatem porro distinctio repudiandae aperiam. Ipsa voluptas sed aut qui omnis. Maxime dolore voluptatem molestias repellat facilis. Corporis delectus repudiandae repellendus. Quasi nihil excepturi voluptates dolor. Earum enim dolore reprehenderit veritatis.</p><p class=\"mb-4\">Dolorem officia error perferendis dolorem sunt quo ut. Praesentium nisi maiores dolores magnam quia sapiente incidunt et. Velit in vero rerum explicabo et ipsa atque. Expedita ut nulla molestiae id. Dicta enim pariatur est numquam non. Ipsam aut est ut voluptatem.</p>', 'http://witting.com/error-ut-nam-quidem-veniam-omnis', '2022-06-05 10:51:17', '2022-06-05 10:51:17'),
(29, 14, 'Alias sit iusto ut nulla quaerat quam.', 'alias-sit-iusto-ut-nulla-quaerat-quam-8686', 'Rogahn-Grant', 'Grenada', '998a14fc037a5af9d2c81864f232c61e.jpg', 0, 1, '<p class=\"mb-4\">Nostrum aspernatur molestiae officia et. Nulla error accusamus culpa enim commodi maxime. Nostrum fugiat culpa nulla. Est quae velit unde blanditiis quaerat. Eaque sed impedit minima voluptatibus et aut. Qui consequatur sed maiores quaerat veniam.</p><p class=\"mb-4\">Et eos reprehenderit est eveniet repellat et. Consequatur quos sit ea quia tenetur velit adipisci ab. Quam numquam iusto voluptatum ut dolorum numquam esse sunt. Cumque repudiandae qui voluptatem id. Beatae laborum et tenetur laudantium beatae consequatur ipsa. Eaque rerum vero fuga delectus explicabo. Est porro qui corporis nemo.</p><p class=\"mb-4\">Doloribus autem dolor dicta distinctio et at. Aperiam autem temporibus molestiae aut ipsam. Ut voluptatum error quaerat voluptatem impedit. Rem necessitatibus facilis harum facere. Ea doloribus necessitatibus est molestias quasi neque. Quisquam ab delectus velit quisquam laborum iusto. Exercitationem aliquid voluptas quibusdam unde recusandae itaque similique. Eum nostrum nobis eius sit quia iure. Sed praesentium qui cum temporibus. Enim voluptates libero nam.</p><p class=\"mb-4\">Expedita libero officia laboriosam similique sed suscipit cupiditate. Ea dolores qui facere id ex cumque aut vero. Tempora molestias ducimus non aperiam. Perspiciatis et tempore at qui rerum iusto. Incidunt praesentium iste non. Odit at est placeat enim. Qui voluptates est praesentium quae qui quisquam. Eum voluptatum nesciunt delectus esse aperiam eaque aut. Molestiae aut sed et laborum.</p><p class=\"mb-4\">Non unde itaque non qui. Quo blanditiis voluptas non id occaecati. Minima debitis quia dolorem quidem aspernatur fugiat doloribus. Quia quisquam iure nisi. Quibusdam tenetur a iste impedit provident dolores voluptate. Et aliquid et accusamus veritatis. Id cumque minima doloremque cum nesciunt. Sit libero tempore reprehenderit nostrum placeat et veniam.</p>', 'http://www.stark.net/magnam-et-excepturi-perspiciatis-rerum-qui.html', '2022-06-09 14:21:14', '2022-06-09 14:21:14'),
(30, 15, 'Facilis eaque deleniti ut et commodi expedita.', 'facilis-eaque-deleniti-ut-et-commodi-expedita-6290', 'Tillman LLC', 'Saint Lucia', '7f99119bc1c004c070e250f7609e8bba.jpg', 0, 1, '<p class=\"mb-4\">Inventore excepturi rerum repellat cupiditate vel porro. Qui officiis optio necessitatibus sed et odit et. Vitae quas at soluta voluptatem tenetur labore enim. Et odit unde est id omnis id. Sint quis nihil odio qui quia delectus. Dolore consequatur vero aut id rerum eum. Illo vel rerum reprehenderit eius eos. Consectetur quia et aut sit non omnis quis.</p><p class=\"mb-4\">Numquam optio adipisci incidunt recusandae illum voluptatem. Nisi officia voluptas fuga rerum voluptatem consequatur delectus. Praesentium molestiae occaecati aut reiciendis placeat nihil alias ad. Earum consequatur beatae sint nisi. Quam non earum nemo nesciunt. Est cumque et nihil perferendis neque fuga aut. Exercitationem voluptatem quia repudiandae incidunt. Dolore vel aliquid at blanditiis et officia eos sint. Natus numquam tempore voluptas.</p><p class=\"mb-4\">Maiores vero omnis voluptatibus et. Maxime beatae accusantium placeat soluta. Voluptatem tempore nobis odio facere. Et possimus explicabo id saepe dicta non aut. Aliquam incidunt debitis et soluta. Provident ut eum maiores et. Aliquam similique et quia reprehenderit cum quia quasi.</p><p class=\"mb-4\">Sit accusamus voluptates enim illum sunt earum. Velit fugit nobis nostrum voluptas minus cupiditate. Nihil omnis quia deleniti quia nulla architecto iusto. Sapiente quaerat nihil magni vel assumenda vel ut. Iusto voluptas quae voluptatibus aperiam tenetur quo. Et voluptas eligendi odio ut.</p><p class=\"mb-4\">Iure suscipit culpa sit porro. Sint recusandae quod ea expedita quia nihil non quod. Quas et suscipit voluptatem labore tempora est. Excepturi reprehenderit labore cumque ipsam et quo. Nulla labore dicta temporibus repellendus adipisci minus et qui. Vel excepturi eaque quis enim voluptate quam aut ut. Veniam qui expedita eaque consequatur aliquam nostrum repellat. Vel iure consequatur natus sunt.</p>', 'http://www.kub.com/', '2022-06-06 15:16:19', '2022-06-06 15:16:19'),
(31, 15, 'Velit pariatur exercitationem dolores soluta quisquam autem.', 'velit-pariatur-exercitationem-dolores-soluta-quisquam-autem-6484', 'Zieme-Predovic', 'Cuba', '40dda8b612461ed60dea305fe6fb2ebf.jpg', 0, 1, '<p class=\"mb-4\">Culpa ab nobis eos necessitatibus consequatur voluptate. Amet consequatur accusamus ipsam est. Omnis enim aut quis illum laudantium excepturi dolorem. Qui ut voluptatem quaerat ea. Molestiae velit quaerat officia commodi. Quae eos aut eum doloribus nulla. Eum illum sint voluptas aut non. Nemo nihil sint omnis voluptas velit. Et nesciunt cumque sit qui.</p><p class=\"mb-4\">Cum maiores voluptatibus nihil quis cupiditate rerum. Dicta modi qui asperiores eaque et odio facilis. Autem quis in eius soluta alias. At sint impedit aut quisquam sit. Tempore consequuntur autem sed dolores velit autem.</p><p class=\"mb-4\">Assumenda illum praesentium est quia. Ad autem tenetur commodi hic dolorem minima rerum. Consectetur esse commodi in ut quibusdam odit. Aut quae sit aut beatae aut. Eveniet ab in ea sed. Accusantium consequuntur reiciendis nostrum pariatur ea et magnam. Cupiditate mollitia debitis rerum eveniet tenetur occaecati. Vel non et rerum exercitationem dolorem.</p><p class=\"mb-4\">Temporibus et neque optio esse. Et illum amet nihil tempore est. Non et et aliquam dignissimos. Maxime placeat delectus repellendus nesciunt. Assumenda placeat reprehenderit error neque perspiciatis modi mollitia aliquid. Consequuntur minima ullam reprehenderit voluptate. Quia omnis quaerat quia rerum provident ut unde.</p><p class=\"mb-4\">Non inventore laudantium natus ullam est nam numquam facilis. Sint labore maxime consequatur. Ipsum voluptas voluptates esse totam cumque modi atque ducimus. Temporibus id laborum quis sapiente at et omnis. Repellendus et nemo voluptatibus laudantium eos voluptatum molestiae. Enim temporibus odio et harum. Est laborum beatae non esse voluptatem voluptas aut. Perferendis ullam quia asperiores aut dolor nihil consectetur. Labore in ea non nisi. Tenetur nihil voluptatem aperiam alias minus.</p>', 'http://www.dare.com/hic-dolores-ullam-qui-aut-rem.html', '2022-05-24 01:51:27', '2022-05-24 01:51:27'),
(32, 15, 'Quam quidem commodi molestiae dolorum pariatur.', 'quam-quidem-commodi-molestiae-dolorum-pariatur-1585', 'Lemke PLC', 'Bahrain', '2cb818b506d612c9647b581bfd16d5d8.jpg', 0, 1, '<p class=\"mb-4\">Repudiandae deleniti deserunt sint culpa laudantium aliquid rem. Excepturi qui sed nesciunt nulla. Recusandae illum fugiat sunt et ut mollitia impedit. Voluptatem beatae nesciunt dolor ut sequi aut. Dicta vitae praesentium aut et sunt porro. Doloribus quam deleniti adipisci perspiciatis.</p><p class=\"mb-4\">Aut deserunt modi ab aut quis mollitia est. Sint dolorem et sed optio ratione optio. Quaerat repellat possimus natus fugit eos. Quia nostrum nihil qui incidunt eum et maiores. Voluptas ut quasi et assumenda. Perferendis quidem et enim veniam veritatis sapiente est. Eos accusantium reprehenderit nulla reprehenderit sit totam. Ex aut sit vero eum cum natus.</p><p class=\"mb-4\">Aspernatur accusantium saepe similique dolorem laudantium dicta consequatur. Non quaerat inventore vel similique aut odio. Architecto recusandae consequatur aspernatur quaerat. Corrupti fugit iusto cumque sit voluptate voluptas odio. Voluptatem fugit aut sit molestiae delectus nobis. Omnis omnis nemo enim velit nam tempore eos. Ut assumenda animi aut eum amet. Ratione qui qui voluptas repellat. Laborum aut explicabo velit ratione quasi voluptatum nam. Sed quidem ipsam praesentium et ut omnis quidem.</p><p class=\"mb-4\">Voluptas excepturi neque animi et. Minus ratione eum sunt qui dignissimos aspernatur similique. Et facere ab mollitia vero aut. Est id nesciunt aut aspernatur suscipit ut. Quia et et est aut est beatae nemo. Repellat et aperiam et et explicabo. Quia praesentium aliquid qui eveniet vel est qui recusandae.</p><p class=\"mb-4\">Suscipit distinctio libero explicabo. Voluptate ea qui ducimus in ut odio dolore. Voluptas eveniet deserunt autem consequatur unde. Et quia quasi nisi molestiae quaerat. Nesciunt nihil laboriosam unde doloremque eum ut. Quidem consequatur dolor voluptas quis. Quia facere qui quo laboriosam. Numquam nobis quasi vel omnis accusamus et accusamus. Omnis ipsa molestiae pariatur autem ipsum suscipit.</p>', 'http://www.monahan.com/quidem-omnis-maxime-eos-sed', '2022-06-14 04:40:30', '2022-06-14 04:40:30'),
(33, 15, 'Commodi et nemo modi consequatur animi rerum.', 'commodi-et-nemo-modi-consequatur-animi-rerum-5971', 'Walker, D\'Amore and Stoltenberg', 'Liberia', '7cb2c46ed8fd2cecf1683525bc10e580.jpg', 0, 1, '<p class=\"mb-4\">Velit voluptatibus ipsa dolorem iste sunt. Aliquam sit rem accusamus recusandae placeat explicabo. Excepturi fugiat et cupiditate. Molestiae sit cumque accusamus earum officiis expedita eveniet minima. Voluptatum cumque quidem et provident. Iusto fuga expedita veritatis occaecati quaerat aut in.</p><p class=\"mb-4\">Cum dolor consequuntur voluptatum repellendus rem qui magni est. Impedit odit et veritatis sapiente. Dolorem repudiandae consequatur quia quia. Asperiores dolor et non delectus quisquam soluta fugit. Dolorem qui nobis expedita sunt distinctio laboriosam.</p><p class=\"mb-4\">Cupiditate nam qui maxime at excepturi placeat. Cupiditate ut quia quia est dolorem voluptatem mollitia. Illum accusantium esse consequuntur voluptatibus. Sed cupiditate odio ipsa voluptatem occaecati earum repellendus temporibus. Et et error vel ut alias eos.</p><p class=\"mb-4\">Sapiente distinctio ea sit. Ut sit sint ut iure officiis odio saepe. Asperiores ut est molestiae officia vero blanditiis. Dolorem magni quae non et ut nesciunt et. Enim sit nisi ratione omnis magni. Hic fuga impedit quisquam exercitationem necessitatibus quibusdam. Laboriosam ipsum labore omnis ut non laudantium qui. Itaque minima ut consequuntur iste. Sed provident rerum incidunt voluptatem adipisci. Cum provident harum error necessitatibus ab laudantium quasi.</p><p class=\"mb-4\">Laudantium eligendi incidunt repudiandae recusandae voluptate. Sit omnis est at occaecati error vero. Ut qui quo totam consequuntur provident. Laboriosam id magnam nostrum quasi. Corrupti qui cumque voluptas nemo. Aliquam rem laboriosam iusto eos harum et. Possimus optio totam quibusdam ut. Enim commodi nemo et fuga at.</p>', 'https://www.ernser.info/aut-aut-accusamus-ex', '2022-06-01 18:51:50', '2022-06-01 18:51:50'),
(34, 16, 'Culpa ducimus ratione nesciunt est.', 'culpa-ducimus-ratione-nesciunt-est-1718', 'Durgan Group', 'Portugal', '621ac9973222e7ea1b272a5a7b10e561.jpg', 1, 1, '<p class=\"mb-4\">Facilis eaque pariatur eligendi reiciendis. Aliquid dolor natus facilis tenetur. Sit soluta quo ut quia quidem blanditiis distinctio. Quibusdam eos quae suscipit excepturi non. Atque est consequatur et atque. Aut et maiores nulla autem sit velit autem.</p><p class=\"mb-4\">Rerum dolorem animi doloremque qui a totam. Quia consequuntur ut corporis. Eos fugiat eius a asperiores reprehenderit quia quia. Voluptatem vitae quia dignissimos fugiat enim. Nesciunt quam et earum dignissimos illum impedit. Ea quo ut aut excepturi vel non. Ducimus neque vel voluptates temporibus nobis. Doloribus et unde deleniti accusantium sunt quas quam. Nihil nihil sint est perspiciatis.</p><p class=\"mb-4\">Iste velit aut velit inventore nulla. Vel ex natus velit corrupti esse molestias. Ipsam est sed ab omnis eos sit eius. Repellat cupiditate voluptate nam laboriosam incidunt quia. Reiciendis sed ab aut. Aliquam at quaerat ut ut ullam. Quibusdam esse ut aliquam et et animi explicabo.</p><p class=\"mb-4\">Neque tenetur et reiciendis tempora repellendus cupiditate sed assumenda. Odit et dignissimos magnam voluptatibus ipsum sint. Quam perspiciatis iste earum dignissimos saepe distinctio. Ut nam qui quisquam error doloremque sint ad qui. Enim veniam eos sunt est sit. Eaque quo debitis rerum reprehenderit sapiente exercitationem reiciendis. Aut sit omnis natus sapiente. In quia repellendus fugiat libero fuga fugit perspiciatis. Autem ut quis omnis fuga.</p><p class=\"mb-4\">Alias autem esse nisi. Exercitationem reprehenderit ipsum necessitatibus totam quis voluptas. Excepturi ducimus autem magnam et consequatur est. Qui dolore dolores quaerat inventore. Asperiores dolor et qui adipisci nobis dolorum sit. Deserunt eligendi quia possimus omnis impedit.</p>', 'http://www.gorczany.com/molestiae-optio-beatae-iure-eos', '2022-06-16 19:55:57', '2022-06-16 19:55:57'),
(35, 16, 'Temporibus magni adipisci error cum optio ex.', 'temporibus-magni-adipisci-error-cum-optio-ex-1868', 'Willms, McGlynn and Skiles', 'Dominica', '086c3c6b0ac291aa127b3ee6dd122781.jpg', 0, 1, '<p class=\"mb-4\">Illo ut deleniti eius non eum sint. Voluptatem molestiae natus voluptatum qui eum impedit. Quas ex magni repellat aut. Quia voluptatem aut ut iste totam occaecati ex. Laudantium eum ut ipsam consectetur. Aut porro non nisi a quis asperiores vel. Hic vitae veniam temporibus commodi voluptatem. Dolores qui nam totam vel omnis ea quia. Qui possimus accusamus molestias debitis est.</p><p class=\"mb-4\">Ullam omnis et eius non eaque sed provident. Numquam sint eum assumenda hic cumque ut minima. Molestias voluptas saepe dolores et veritatis consequatur maxime. Nulla velit voluptatem qui quod placeat. Nemo ratione totam enim laboriosam neque corrupti velit.</p><p class=\"mb-4\">Ut est sapiente neque quasi facere. Ut eum maiores nisi est velit. Molestiae delectus tenetur laboriosam totam tempora eos incidunt incidunt. Magni incidunt sed ducimus. Quisquam fugiat harum aperiam magni ut excepturi. Ullam qui libero quis et incidunt. Neque et atque distinctio laudantium. Ab et deleniti nesciunt commodi.</p><p class=\"mb-4\">Repudiandae aut repellat architecto mollitia. Ut modi odio rem maiores iste quo est tempore. Quia voluptas enim incidunt ex voluptas. Dicta saepe aspernatur maxime cumque. Recusandae amet itaque non cupiditate voluptatum dolor nemo. Rerum iusto magni cumque quo quis eum. Ipsum vitae quia aliquam et sed ullam in illo. Cupiditate omnis qui velit distinctio commodi et.</p><p class=\"mb-4\">Neque qui excepturi et doloremque maiores. Deserunt aut suscipit consequatur sit ratione veritatis. Est commodi voluptas quis. Consequatur accusamus corrupti odio ipsam aliquam est. Voluptas facilis corporis autem hic dolorem adipisci fugit. Magnam quibusdam nostrum corrupti maxime. Ipsum cum facilis esse architecto. Reiciendis nemo maxime aut perspiciatis quos.</p>', 'http://rohan.com/', '2022-06-12 04:51:55', '2022-06-12 04:51:55'),
(36, 17, 'Est commodi in necessitatibus neque.', 'est-commodi-in-necessitatibus-neque-9402', 'Miller-Hermann', 'Iraq', 'a6e8eebdb9c1c2b3f4e60d6a86526b87.jpg', 0, 1, '<p class=\"mb-4\">Praesentium amet eaque eum ab qui reprehenderit voluptas et. Dolore atque et cumque qui atque accusantium vel nesciunt. Provident quae molestias non ab. Molestias nam animi hic sunt a sit sunt. Aperiam dicta ipsam qui tempore dicta eius.</p><p class=\"mb-4\">Repellat et fugiat qui cumque voluptatibus. Qui maiores nisi et veniam dolores. Nobis dolore enim quis quos eum. Ad eligendi ut debitis ad sequi enim sit. Est voluptatem voluptatum quo earum hic similique atque.</p><p class=\"mb-4\">Sint officia id et facilis non rerum. Reiciendis ut nisi et amet rerum enim laudantium. Dolores sit eos sit quia ullam autem. Maxime ex et ut nesciunt. Ducimus quo minus ea accusantium. Corporis rem nihil voluptas ex voluptatem eius et. Labore corrupti ea recusandae quasi maxime qui tempora.</p><p class=\"mb-4\">Doloribus nisi aut illo rerum voluptas ducimus. Ab est expedita debitis et. In et dolorem iste. Qui est praesentium ullam voluptates ut. Rerum illum nihil laboriosam maiores. Fugit similique quis excepturi culpa aut quis. Dolor numquam id alias et molestiae ipsum quos. Est a natus placeat aperiam et necessitatibus. Harum officia reprehenderit consequatur eum consequatur. Qui maiores suscipit deleniti.</p><p class=\"mb-4\">Fugiat ipsa qui dolore voluptatem possimus libero ad. Quasi aperiam id in veritatis ad voluptas. Aut aut ducimus dolorem aut ut. Illo et hic consequatur quis odio illo et. Aut dolorem consequuntur dolor quia. Quidem ratione corrupti quia aut fugiat repellendus. Fugit accusantium aliquid eaque voluptatibus provident illum. Dolores dolorum ut illum autem. Eos dolorem magnam possimus hic tempore et nulla.</p>', 'http://www.fadel.com/pariatur-consequatur-molestiae-expedita-totam-qui-omnis-provident-maiores', '2022-05-30 06:53:50', '2022-05-30 06:53:50'),
(37, 18, 'Voluptas enim culpa necessitatibus ab quia voluptas.', 'voluptas-enim-culpa-necessitatibus-ab-quia-voluptas-6040', 'Hill-Schoen', 'Cocos (Keeling) Islands', 'f0ba5cd204f6e0d3f662853053475188.jpg', 0, 1, '<p class=\"mb-4\">Quia est et eos voluptates et. Earum porro deserunt vero quia porro ipsa iusto. Aspernatur rem et praesentium dolorem in. Quasi est earum sed libero ut perspiciatis. Similique similique numquam nisi consequuntur non dicta. Quia et provident temporibus voluptas rerum illo magni. Consequatur necessitatibus et eum aliquam laboriosam et quae. Quod reprehenderit sequi voluptatibus. Omnis consectetur saepe temporibus est quia quia esse rerum.</p><p class=\"mb-4\">Consequatur voluptatibus soluta dolorem et ut at provident temporibus. Doloremque corrupti laudantium sed explicabo. Repellat voluptatibus distinctio et ut impedit veritatis. Culpa in temporibus vitae omnis. Corporis et perspiciatis tenetur in quibusdam impedit occaecati.</p><p class=\"mb-4\">Quae quis sit nesciunt sed. Voluptas earum deserunt non voluptatem non. Voluptatum et consequatur velit magni aut enim iusto. Quasi eveniet tempore autem est molestiae. Fugit aspernatur ut consectetur distinctio. Dolores consectetur cupiditate molestiae qui eveniet autem blanditiis. Eum et odit impedit consectetur molestiae minima itaque. Placeat tempore est suscipit aspernatur placeat. Doloremque odio nobis quasi aut recusandae.</p><p class=\"mb-4\">Beatae nobis repellat nihil id blanditiis enim. In veritatis voluptatibus blanditiis dolores nisi. Sed neque dolore alias modi ea incidunt deserunt voluptate. Corporis aliquid et dolorum atque et corporis alias. Error optio corrupti eius numquam eum sunt. Ipsam omnis voluptatum sit accusantium. Ipsa nesciunt esse numquam maiores sint aspernatur dolores.</p><p class=\"mb-4\">Hic eos magni voluptatem. Aut rerum nesciunt omnis. Consectetur culpa est voluptates autem quo. Quaerat et asperiores molestiae. Sint aut consequatur quisquam quam et quis omnis qui. Sit ut perspiciatis aut id incidunt autem aperiam iste. Facilis voluptas est illo molestiae non nisi adipisci voluptatum.</p>', 'http://www.spinka.com/', '2022-06-20 08:43:03', '2022-06-20 08:43:03'),
(38, 19, 'Aut mollitia eum maiores illum qui quo.', 'aut-mollitia-eum-maiores-illum-qui-quo-5209', 'Deckow-Wunsch', 'Namibia', '8158e56ce5ca7ee5aa1c8cfb1eb84f6d.jpg', 1, 1, '<p class=\"mb-4\">Aut omnis similique accusamus. Laudantium dolorem et ut culpa. Et perferendis cupiditate repellendus eum delectus fugit. Minus dolores quis voluptatibus dolores expedita soluta quia. Consequatur nostrum dolore voluptates amet cumque laudantium ex labore.</p><p class=\"mb-4\">Est temporibus provident incidunt officiis. Tenetur ea explicabo nisi beatae molestias. Voluptates eius animi sint omnis ut. Qui reprehenderit qui consequatur aut. Possimus qui iusto corporis sed quaerat inventore consequuntur. Quisquam veniam sed magnam nulla. Mollitia at voluptate similique eligendi modi eum perferendis. Repellendus eligendi et debitis molestiae modi itaque et. Est praesentium cum odio adipisci voluptatem. Quis deserunt et quas enim tempore maiores.</p><p class=\"mb-4\">Est iusto autem consequatur esse. Eaque reiciendis nostrum earum corporis voluptatum ipsa. Aut iste nam nemo dolor. Ab minus enim quaerat dolor aut ut velit quibusdam. Doloribus nostrum exercitationem corporis quisquam. Id sit autem deleniti et maiores deserunt iste. Non repellendus qui dignissimos possimus deserunt nesciunt. Exercitationem numquam labore quasi dolores eaque dolores asperiores.</p><p class=\"mb-4\">Ut accusantium assumenda aut ut voluptatem ducimus. Animi unde totam distinctio dolore cupiditate ipsa. Amet ut rerum exercitationem explicabo. Dicta ex et veniam minima sequi molestias. Magni enim dolorem possimus aut. Quae et officiis vitae vel. Et id et ea dicta non et.</p><p class=\"mb-4\">Molestias aut non numquam sit reiciendis sint aut. Dolore consectetur tempore ut doloremque. Qui velit aut quos quo. Quis et qui modi id omnis ut eveniet. Aut quod eligendi quasi. Voluptatem id sit consequatur sed est exercitationem. Eum voluptas qui totam ad vel assumenda ducimus. In magnam rem et. Possimus aut consequatur non numquam aperiam corrupti est.</p>', 'http://smitham.com/', '2022-05-29 23:46:31', '2022-05-29 23:46:31'),
(39, 19, 'Ab aperiam delectus consectetur.', 'ab-aperiam-delectus-consectetur-1274', 'Brown-Feeney', 'Chile', '8293c83ca37d73e5f36515eb5e6259f5.jpg', 0, 1, '<p class=\"mb-4\">Vitae eum nulla qui expedita. Quod minima labore qui aut. Minus facere fugit sit qui. Et ut aut voluptatem autem. Corrupti repellat sit voluptas accusamus facilis et ad. Explicabo eius aut dolorem dicta officiis repudiandae fuga. Dolores debitis id corporis qui. Et odit ut corporis odit rerum illo ipsa. Aspernatur voluptatem officia totam quo. Perspiciatis deserunt vero modi consectetur error illum.</p><p class=\"mb-4\">Reiciendis magnam porro similique est ipsa. Voluptatem sit reiciendis ut exercitationem. Enim tempore odit pariatur accusantium et omnis excepturi. Est ad accusamus voluptatibus fuga et quo molestiae enim. Quis eveniet sed qui architecto sint. Consequatur a aspernatur dolorum. Molestias sequi optio unde vel exercitationem ut autem. Quasi ut enim sit tempore. Non et repellat quis nesciunt tempora culpa.</p><p class=\"mb-4\">Voluptatem eos dolor numquam eligendi enim. Officia similique voluptatem accusantium porro blanditiis qui. Quidem omnis ut placeat est beatae. Debitis itaque voluptatem aperiam enim temporibus aut quasi. Cupiditate quia accusamus eum est aut velit. Deleniti suscipit totam tempore nisi. Esse omnis excepturi dolorum quis ab accusamus. Cumque iusto ut eveniet sequi. Dolores et ea vitae cumque consequatur veniam vel. Incidunt qui qui amet voluptate at.</p><p class=\"mb-4\">Qui qui consequatur nemo sequi voluptas aspernatur debitis. Illo provident ut praesentium quae ut enim in. Aut in sit modi rerum sit eligendi voluptatem. Qui optio alias ratione. Aut laudantium officiis beatae sint ea architecto non. Doloribus excepturi doloribus quis sint. Et ipsa id optio aut. Aut pariatur ab aperiam quia impedit deserunt.</p><p class=\"mb-4\">Accusamus rem autem voluptatem ut ipsam fuga. Sed cumque ut ut illo tempora earum. Aut itaque maxime sit cupiditate perferendis a repudiandae ut. Repudiandae et eos est quia aliquam ipsum. Mollitia est nulla eaque eligendi. Et quibusdam velit aut ab.</p>', 'http://www.mcglynn.org/', '2022-05-30 08:37:21', '2022-05-30 08:37:21'),
(40, 19, 'Assumenda voluptates harum unde provident amet vitae.', 'assumenda-voluptates-harum-unde-provident-amet-vitae-1888', 'Franecki, Dicki and Friesen', 'Tonga', 'a906b7561cbddf8808803107cc54800a.jpg', 0, 1, '<p class=\"mb-4\">Repudiandae debitis quo molestiae corrupti voluptatem quos a. Laboriosam iure dignissimos debitis placeat ad magnam. Repellat libero laboriosam est reiciendis reprehenderit saepe. Tenetur veritatis ad sint ipsum et aut ea ea. Vel eos assumenda in perferendis qui. Nulla qui sapiente explicabo quo quia reprehenderit.</p><p class=\"mb-4\">Reprehenderit ex nemo pariatur. Minima qui itaque aut corporis laboriosam et enim. Adipisci quod atque voluptate debitis ad quam dignissimos architecto. Provident et sit quis ut quasi. Illum impedit quasi facilis harum at cupiditate. Minima facilis laborum blanditiis unde odio aliquam natus. Explicabo doloribus quia et quis porro vel dolor. Rerum qui et nam accusantium eos.</p><p class=\"mb-4\">Consequatur aut et voluptatem deleniti. Qui similique omnis beatae quas odio molestiae. Ut blanditiis inventore cumque est voluptatem repudiandae officiis. Labore adipisci inventore unde vitae ea. Ut expedita earum aliquam quis nostrum molestiae.</p><p class=\"mb-4\">Porro quaerat est quam aut accusantium perspiciatis laboriosam. Aut qui tenetur ipsam ut autem. Quia quas corrupti doloremque necessitatibus nesciunt. Amet amet placeat et ullam. Necessitatibus nihil nihil explicabo ipsam.</p><p class=\"mb-4\">Placeat architecto tempore quae atque eum. Maxime deserunt ut voluptatibus ducimus maxime eum. Aliquid quisquam occaecati laboriosam sit et iste qui hic. Cumque ea aut vel nihil. Iste quia ut labore magnam ea. Velit culpa voluptatem modi quos. Molestiae eveniet quis provident rerum. Deserunt dolores necessitatibus et optio. Voluptatibus inventore ipsa repudiandae aspernatur doloremque ducimus et.</p>', 'http://homenick.com/a-rerum-impedit-magni-aliquam-voluptas', '2022-06-10 16:58:01', '2022-06-10 16:58:01'),
(41, 19, 'Commodi nobis repellat temporibus fugit molestias id.', 'commodi-nobis-repellat-temporibus-fugit-molestias-id-3788', 'Kovacek and Sons', 'Switzerland', 'b1f83a6295efb7763093ce94b91d6eff.jpg', 0, 1, '<p class=\"mb-4\">Consequuntur rerum dolores consequatur voluptates aut. Quasi illum blanditiis ducimus quis deserunt voluptas unde. Ullam dignissimos id cum autem rem incidunt fugit. Iusto eum dolorum nemo reprehenderit. Aut fugiat amet corrupti deserunt quod. Autem incidunt quasi debitis. Voluptas aliquid animi et suscipit nesciunt. Dicta animi quibusdam nam sed corporis dolor ipsam.</p><p class=\"mb-4\">Dolor ratione aut consequatur. Eum qui provident quia ratione aliquam. Sunt dolores ratione et non consequuntur et. Molestias consequuntur delectus voluptas mollitia amet repellendus modi. Perferendis voluptatem doloremque asperiores perferendis dolores. Voluptatem eum qui dignissimos voluptatum nemo ratione asperiores.</p><p class=\"mb-4\">Eos quam voluptas quia optio. Veniam corporis aperiam distinctio rerum vitae ut sed. Fuga sequi quaerat iusto fuga veniam et et. Veniam sequi quia nostrum reiciendis aut voluptatibus iusto. Aliquid consequatur aut quo quidem dolorem. Laudantium inventore saepe dolorem corporis iusto necessitatibus minus. Sunt est ea voluptatem sint dolore eum qui. Vero quo quia quia aut tempore quod odit. A quis consequuntur animi.</p><p class=\"mb-4\">Ea ipsum sunt necessitatibus in facilis et nihil. Ea ea quia qui. Quo autem ullam facere numquam pariatur officia. Saepe et rerum veritatis architecto nulla et officia. Harum beatae velit sed vero quam suscipit nesciunt. Non qui magni quibusdam sapiente ullam occaecati dolor et.</p><p class=\"mb-4\">Nisi facere dolor beatae necessitatibus autem debitis autem sit. In aut quia minus perferendis voluptas est ratione neque. Aperiam id omnis officiis est sint voluptatem neque harum. Sequi nihil dolorem non officia. Deleniti facilis itaque hic voluptatem. Quod delectus est reiciendis alias iste veritatis et. Possimus error quo et et similique.</p>', 'http://johns.com/dicta-dolorum-ut-temporibus-id-est-ipsa-autem.html', '2022-06-14 18:36:09', '2022-06-14 18:36:09'),
(42, 20, 'Laborum culpa error dignissimos saepe.', 'laborum-culpa-error-dignissimos-saepe-8634', 'Kessler, Torp and Donnelly', 'Reunion', 'c203bd20cd8d29dbb12144bf77dd3533.jpg', 1, 1, '<p class=\"mb-4\">Dolorem modi totam nihil. Inventore omnis at cumque. Cumque et sint beatae illo aliquid at eum consequatur. Est nisi voluptatibus enim voluptatum consequatur velit labore. Dolorum qui tempora animi ducimus qui.</p><p class=\"mb-4\">Earum atque consequatur autem maxime architecto est consequuntur commodi. Aliquam et omnis atque magni ullam eum explicabo. Qui illum placeat saepe animi vel. Soluta modi eum doloribus nam. Deserunt consequatur nemo aspernatur explicabo laborum sed. Numquam et ea ipsum autem temporibus commodi consequatur. Sunt et temporibus magni culpa odio in est. Minima veritatis accusamus recusandae rem.</p><p class=\"mb-4\">Magnam iste qui et omnis. Nobis doloribus doloremque id odio dolorem. Est ut et ut. Voluptatem placeat magnam velit enim adipisci eum. Dolores omnis non optio omnis qui.</p><p class=\"mb-4\">Enim optio sunt cumque. Quod placeat unde non labore quia id. Rem reiciendis a consequatur omnis harum. Vel enim unde est soluta iure dolorem deserunt similique. Dolor facilis at placeat quibusdam. Nemo nam dolore dignissimos qui. Praesentium officiis voluptatum non ut. Sunt quaerat illum dignissimos cum est. Earum aut est cupiditate non. Occaecati quia dolore error mollitia.</p><p class=\"mb-4\">Ut a dolorum delectus illo id omnis ad. Voluptates ratione explicabo temporibus soluta quia. Omnis dolor sint minima dolores. Magnam cupiditate debitis placeat aut laborum. Ipsum aut dolorem dolor tenetur.</p>', 'http://huels.com/', '2022-05-31 03:54:05', '2022-05-31 03:54:05'),
(43, 20, 'Aliquid nostrum est nihil eveniet eaque pariatur.', 'aliquid-nostrum-est-nihil-eveniet-eaque-pariatur-3068', 'Abshire and Sons', 'Barbados', 'f11d18c64e33dbfefd39bbb0de81f0e9.jpg', 0, 1, '<p class=\"mb-4\">Unde sit necessitatibus sed sint sed. Provident debitis quis aperiam molestias veniam ea. Id vel dolorem rerum sint veniam. Maxime fugit sed et dicta dolor sint corporis. Maxime quia ipsum atque dolores voluptatem qui qui. Distinctio molestiae praesentium sint aperiam reprehenderit minima. Aspernatur voluptates illo et labore. Quisquam magnam labore vitae illo. Eaque expedita eaque excepturi tempore. Eius facilis molestiae dolore et sed repellendus dolor necessitatibus.</p><p class=\"mb-4\">Deserunt et omnis adipisci voluptate et dolores. Nam et placeat deserunt similique et. Dicta sit natus veritatis molestias. Ipsa ab aspernatur quia id ipsa a. Delectus est nihil et non et sint. Placeat distinctio laboriosam est sunt at possimus officiis. Quia quis saepe repellat ex nisi dignissimos. Vel deleniti tempore in nisi. Sed minima ut architecto sequi et. Perspiciatis voluptatibus velit harum exercitationem distinctio.</p><p class=\"mb-4\">Possimus quibusdam aut rerum velit non ut odio. Quia at amet a consequuntur quasi nihil voluptates minus. Ut nam laborum similique quasi ipsa minus. A sequi quidem quam nihil repellendus commodi itaque provident. Reiciendis labore rerum quasi omnis itaque et occaecati. Reiciendis inventore aut itaque ea itaque quisquam eaque.</p><p class=\"mb-4\">Nam eum ullam veniam qui omnis. Et reprehenderit nihil nostrum autem totam. Quibusdam in illo consequatur. Voluptatem ut aut quaerat ea. Est dignissimos rerum reprehenderit vel. Qui quis quia dolore sint laborum maxime aut. Reiciendis harum corrupti expedita dignissimos minus explicabo. Voluptatem vitae dolorem blanditiis dolor veritatis veniam repudiandae.</p><p class=\"mb-4\">Ex eum velit quod et exercitationem. Eius consequuntur illum cupiditate mollitia laboriosam dolor. Beatae cupiditate dolores facilis culpa laboriosam eaque rerum. Expedita laudantium illum iure debitis aut. Molestiae maiores qui consequuntur aliquid quidem. Nulla quis sapiente laborum aut. Odio magni maiores quidem est voluptatum exercitationem.</p>', 'http://hauck.com/ea-iste-recusandae-tempore-natus-accusantium-fuga-aliquam', '2022-05-27 08:58:53', '2022-05-27 08:58:53'),
(44, 20, 'Maxime magnam aperiam in vero.', 'maxime-magnam-aperiam-in-vero-5402', 'Schneider-Kshlerin', 'Guam', '92d0a18b8e04d6a650cce1530881e3d5.jpg', 0, 1, '<p class=\"mb-4\">Officia sed nisi doloremque voluptates molestiae in. Consequatur perspiciatis qui illo dolorem. Expedita aliquid maiores beatae nulla est. Incidunt doloremque id earum perferendis. Hic quasi nihil in non nihil. Voluptatum autem veniam iusto ut possimus optio. Nesciunt aut tempora nam aspernatur a sequi. Nulla dolorem consequatur voluptatem assumenda officiis perspiciatis. Et qui distinctio exercitationem mollitia. Rerum nisi aspernatur odit aut similique reiciendis magni.</p><p class=\"mb-4\">Optio corrupti vero esse perferendis libero. Molestias iure neque fugiat fuga. Amet est dicta culpa ea ut et laudantium labore. Maiores sapiente beatae veniam nam quaerat. Et officiis sint aliquam et inventore suscipit dolor. Eum quo sint eveniet dolor reprehenderit et. Nemo alias impedit repudiandae veritatis non. Accusamus totam porro cupiditate eaque ad eligendi sunt. Vel laboriosam aliquam voluptatem libero.</p><p class=\"mb-4\">Nisi ea incidunt ipsum voluptates. At itaque corrupti nemo incidunt. Voluptates aut cumque culpa exercitationem deserunt eaque praesentium. Tempore odit dignissimos libero voluptate nemo dolor. Tenetur quis quo eligendi. Et aliquid incidunt non quis impedit et. Temporibus quasi ut eum voluptas explicabo accusantium itaque.</p><p class=\"mb-4\">Esse expedita qui amet tenetur. Non aliquid sunt et minima sint. Laboriosam ut sit quis eos voluptas. Dignissimos magnam hic eos similique dolorem vel. Qui rerum non adipisci ut vitae quae. Vitae at libero repudiandae non quod libero. Facilis magnam qui nulla dicta minus dolorem expedita fugit. In reiciendis vel qui. Quidem voluptatem ipsum veniam veniam.</p><p class=\"mb-4\">Accusantium est optio dolores ex et voluptas. Velit ut ut sit quia vitae hic aut. Earum eum provident exercitationem. Aut doloribus aut fuga saepe molestiae accusantium consequatur. Nulla culpa possimus quasi. Sequi laborum molestiae repellat qui quos modi et itaque. Ex ratione laudantium ipsam nesciunt. Voluptate qui cupiditate deserunt suscipit qui. Sit voluptates rem quae ad dolorem vel.</p>', 'http://www.stracke.biz/molestiae-sint-ut-velit-sint-quia-ipsum-nisi', '2022-06-22 13:04:08', '2022-06-22 13:04:08'),
(45, 20, 'Id suscipit placeat et quas.', 'id-suscipit-placeat-et-quas-3201', 'Ryan, Christiansen and Rutherford', 'Taiwan', '801863d85f88653750333391d28d6220.jpg', 0, 1, '<p class=\"mb-4\">Vero eaque voluptatem quia ullam. Neque quaerat aut rerum voluptates. Quia vero dolores qui ad officia dolorem. Excepturi voluptas rem labore. Laboriosam quod sequi expedita reiciendis et quasi quia laboriosam. Omnis error consectetur perspiciatis et.</p><p class=\"mb-4\">Quis vero facilis autem eligendi mollitia. Error qui consequatur libero optio. Alias eum est enim sunt magni ut vel. Facilis unde eveniet tempora mollitia vel impedit. Voluptatem quisquam occaecati ipsam quaerat ea ut. Dolor pariatur debitis qui illo iusto iusto repudiandae. Beatae minus excepturi ab dolores atque quia. Itaque temporibus qui consequatur deleniti laboriosam. Et quod omnis veniam accusantium sed. Et voluptatem enim dolores optio.</p><p class=\"mb-4\">Non voluptatem numquam qui tenetur ut velit distinctio omnis. Optio odit aperiam et ipsam qui aut. Facilis illo eum consequuntur sed cum amet aperiam. Pariatur consectetur reprehenderit unde ad eligendi. Minus dignissimos id sint et quos occaecati. Ipsum cumque ullam non aut beatae et ad. Eaque minima dolores et officiis distinctio.</p><p class=\"mb-4\">Deserunt iusto blanditiis libero facilis autem. Aut temporibus explicabo minima iusto. Tempora eos aperiam nemo. Dicta quis possimus libero voluptatem libero dignissimos quos voluptatem. Exercitationem voluptate similique eum quam magnam delectus.</p><p class=\"mb-4\">Consequatur architecto eum et explicabo. Voluptatem sint vel omnis rerum. Voluptatum voluptates ex aut maxime quod. Veritatis odio eligendi laboriosam soluta repellat tempore. Eveniet earum et sequi non. Placeat quam sint dolore et sint. Labore nam animi tempore perspiciatis ratione voluptatem reprehenderit.</p>', 'http://boyle.biz/doloribus-cum-eveniet-tempora-quia-voluptatem', '2022-06-03 13:48:37', '2022-06-03 13:48:37'),
(46, 21, 'Cooolio Jobbo', 'cooolio-jobbo', 'Májkámpöni Rt.', 'Mexico City', 'WLfmRgeVqlUzZEwt33eraBOp5RAgDKhStvHFIALe.jpg', 1, 1, '<p>Best Job !!!4!!\nJunior Front End Dev needed with 5 year of Java, Phyton and C++ experience</p>\n<p>You dont have to bother with your free time on your weekends</p>\n<p>After 3 years you might get a desk</p>', 'https://github.com/robingabor?tab=repositories', '2022-06-23 17:43:07', '2022-06-23 17:43:07');

-- --------------------------------------------------------

--
-- Tábla szerkezet ehhez a táblához `listing_tag`
--

CREATE TABLE `listing_tag` (
  `listing_id` bigint(20) UNSIGNED NOT NULL,
  `tag_id` bigint(20) UNSIGNED NOT NULL
) ENGINE=InnoDB DEFAULT CHARSET=utf8mb4 COLLATE=utf8mb4_unicode_ci;

--
-- A tábla adatainak kiíratása `listing_tag`
--

INSERT INTO `listing_tag` (`listing_id`, `tag_id`) VALUES
(1, 4),
(1, 9),
(2, 6),
(2, 8),
(3, 3),
(3, 10),
(4, 7),
(4, 10),
(5, 3),
(5, 6),
(6, 5),
(6, 9),
(7, 7),
(7, 8),
(8, 3),
(8, 9),
(9, 2),
(9, 7),
(10, 1),
(10, 7),
(11, 4),
(11, 5),
(12, 4),
(12, 6),
(13, 3),
(13, 8),
(14, 2),
(14, 6),
(15, 3),
(15, 7),
(16, 6),
(16, 9),
(17, 1),
(17, 7),
(18, 1),
(18, 6),
(19, 2),
(19, 7),
(20, 6),
(20, 9),
(21, 1),
(21, 4),
(22, 4),
(22, 8),
(23, 2),
(23, 7),
(24, 1),
(24, 8),
(25, 5),
(25, 9),
(26, 4),
(26, 8),
(27, 4),
(27, 6),
(28, 2),
(28, 5),
(29, 6),
(29, 8),
(30, 5),
(30, 10),
(31, 5),
(31, 6),
(32, 7),
(32, 9),
(33, 8),
(33, 10),
(34, 2),
(34, 7),
(35, 5),
(35, 7),
(36, 6),
(36, 10),
(37, 2),
(37, 6),
(38, 5),
(38, 9),
(39, 6),
(39, 7),
(40, 1),
(40, 6),
(41, 3),
(41, 4),
(42, 2),
(42, 6),
(43, 1),
(43, 7),
(44, 3),
(44, 4),
(45, 8),
(45, 10),
(46, 11),
(46, 12),
(46, 13);

-- --------------------------------------------------------

--
-- Tábla szerkezet ehhez a táblához `migrations`
--

CREATE TABLE `migrations` (
  `id` int(10) UNSIGNED NOT NULL,
  `migration` varchar(255) COLLATE utf8mb4_unicode_ci NOT NULL,
  `batch` int(11) NOT NULL
) ENGINE=InnoDB DEFAULT CHARSET=utf8mb4 COLLATE=utf8mb4_unicode_ci;

--
-- A tábla adatainak kiíratása `migrations`
--

INSERT INTO `migrations` (`id`, `migration`, `batch`) VALUES
(56, '2014_10_12_000000_create_users_table', 1),
(57, '2014_10_12_100000_create_password_resets_table', 1),
(58, '2019_05_03_000001_create_customer_columns', 1),
(59, '2019_05_03_000002_create_subscriptions_table', 1),
(60, '2019_05_03_000003_create_subscription_items_table', 1),
(61, '2019_08_19_000000_create_failed_jobs_table', 1),
(62, '2019_12_14_000001_create_personal_access_tokens_table', 1),
(63, '2022_02_20_175825_create_listings_table', 1),
(64, '2022_02_20_185411_create_clicks_table', 1),
(65, '2022_02_20_185558_create_tags_table', 1),
(66, '2022_02_20_190409_create_listing_tag_table', 1);

-- --------------------------------------------------------

--
-- Tábla szerkezet ehhez a táblához `password_resets`
--

CREATE TABLE `password_resets` (
  `email` varchar(255) COLLATE utf8mb4_unicode_ci NOT NULL,
  `token` varchar(255) COLLATE utf8mb4_unicode_ci NOT NULL,
  `created_at` timestamp NULL DEFAULT NULL
) ENGINE=InnoDB DEFAULT CHARSET=utf8mb4 COLLATE=utf8mb4_unicode_ci;

-- --------------------------------------------------------

--
-- Tábla szerkezet ehhez a táblához `personal_access_tokens`
--

CREATE TABLE `personal_access_tokens` (
  `id` bigint(20) UNSIGNED NOT NULL,
  `tokenable_type` varchar(255) COLLATE utf8mb4_unicode_ci NOT NULL,
  `tokenable_id` bigint(20) UNSIGNED NOT NULL,
  `name` varchar(255) COLLATE utf8mb4_unicode_ci NOT NULL,
  `token` varchar(64) COLLATE utf8mb4_unicode_ci NOT NULL,
  `abilities` text COLLATE utf8mb4_unicode_ci DEFAULT NULL,
  `last_used_at` timestamp NULL DEFAULT NULL,
  `created_at` timestamp NULL DEFAULT NULL,
  `updated_at` timestamp NULL DEFAULT NULL
) ENGINE=InnoDB DEFAULT CHARSET=utf8mb4 COLLATE=utf8mb4_unicode_ci;

-- --------------------------------------------------------

--
-- Tábla szerkezet ehhez a táblához `subscriptions`
--

CREATE TABLE `subscriptions` (
  `id` bigint(20) UNSIGNED NOT NULL,
  `user_id` bigint(20) UNSIGNED NOT NULL,
  `name` varchar(255) COLLATE utf8mb4_unicode_ci NOT NULL,
  `stripe_id` varchar(255) COLLATE utf8mb4_unicode_ci NOT NULL,
  `stripe_status` varchar(255) COLLATE utf8mb4_unicode_ci NOT NULL,
  `stripe_price` varchar(255) COLLATE utf8mb4_unicode_ci DEFAULT NULL,
  `quantity` int(11) DEFAULT NULL,
  `trial_ends_at` timestamp NULL DEFAULT NULL,
  `ends_at` timestamp NULL DEFAULT NULL,
  `created_at` timestamp NULL DEFAULT NULL,
  `updated_at` timestamp NULL DEFAULT NULL
) ENGINE=InnoDB DEFAULT CHARSET=utf8mb4 COLLATE=utf8mb4_unicode_ci;

-- --------------------------------------------------------

--
-- Tábla szerkezet ehhez a táblához `subscription_items`
--

CREATE TABLE `subscription_items` (
  `id` bigint(20) UNSIGNED NOT NULL,
  `subscription_id` bigint(20) UNSIGNED NOT NULL,
  `stripe_id` varchar(255) COLLATE utf8mb4_unicode_ci NOT NULL,
  `stripe_product` varchar(255) COLLATE utf8mb4_unicode_ci NOT NULL,
  `stripe_price` varchar(255) COLLATE utf8mb4_unicode_ci NOT NULL,
  `quantity` int(11) DEFAULT NULL,
  `created_at` timestamp NULL DEFAULT NULL,
  `updated_at` timestamp NULL DEFAULT NULL
) ENGINE=InnoDB DEFAULT CHARSET=utf8mb4 COLLATE=utf8mb4_unicode_ci;

-- --------------------------------------------------------

--
-- Tábla szerkezet ehhez a táblához `tags`
--

CREATE TABLE `tags` (
  `id` bigint(20) UNSIGNED NOT NULL,
  `name` varchar(255) COLLATE utf8mb4_unicode_ci NOT NULL,
  `slug` varchar(255) COLLATE utf8mb4_unicode_ci NOT NULL,
  `created_at` timestamp NULL DEFAULT NULL,
  `updated_at` timestamp NULL DEFAULT NULL
) ENGINE=InnoDB DEFAULT CHARSET=utf8mb4 COLLATE=utf8mb4_unicode_ci;

--
-- A tábla adatainak kiíratása `tags`
--

INSERT INTO `tags` (`id`, `name`, `slug`, `created_at`, `updated_at`) VALUES
(1, 'Mollitia', 'mollitia', '2022-06-23 11:50:27', '2022-06-23 11:50:27'),
(2, 'Odio', 'odio', '2022-06-23 11:50:27', '2022-06-23 11:50:27'),
(3, 'Voluptatibus', 'voluptatibus', '2022-06-23 11:50:27', '2022-06-23 11:50:27'),
(4, 'Maxime', 'maxime', '2022-06-23 11:50:27', '2022-06-23 11:50:27'),
(5, 'Repellat', 'repellat', '2022-06-23 11:50:27', '2022-06-23 11:50:27'),
(6, 'Iste', 'iste', '2022-06-23 11:50:27', '2022-06-23 11:50:27'),
(7, 'Voluptate', 'voluptate', '2022-06-23 11:50:27', '2022-06-23 11:50:27'),
(8, 'Praesentium', 'praesentium', '2022-06-23 11:50:27', '2022-06-23 11:50:27'),
(9, 'Voluptas', 'voluptas', '2022-06-23 11:50:27', '2022-06-23 11:50:27'),
(10, 'Hic', 'hic', '2022-06-23 11:50:27', '2022-06-23 11:50:27'),
(11, 'Taco', 'taco', '2022-06-23 17:43:07', '2022-06-23 17:43:07'),
(12, 'Burrito', 'burrito', '2022-06-23 17:43:07', '2022-06-23 17:43:07'),
(13, 'Salsa', 'salsa', '2022-06-23 17:43:07', '2022-06-23 17:43:07');

-- --------------------------------------------------------

--
-- Tábla szerkezet ehhez a táblához `users`
--

CREATE TABLE `users` (
  `id` bigint(20) UNSIGNED NOT NULL,
  `name` varchar(255) COLLATE utf8mb4_unicode_ci NOT NULL,
  `email` varchar(255) COLLATE utf8mb4_unicode_ci NOT NULL,
  `email_verified_at` timestamp NULL DEFAULT NULL,
  `password` varchar(255) COLLATE utf8mb4_unicode_ci NOT NULL,
  `remember_token` varchar(100) COLLATE utf8mb4_unicode_ci DEFAULT NULL,
  `created_at` timestamp NULL DEFAULT NULL,
  `updated_at` timestamp NULL DEFAULT NULL,
  `stripe_id` varchar(255) COLLATE utf8mb4_unicode_ci DEFAULT NULL,
  `pm_type` varchar(255) COLLATE utf8mb4_unicode_ci DEFAULT NULL,
  `pm_last_four` varchar(4) COLLATE utf8mb4_unicode_ci DEFAULT NULL,
  `trial_ends_at` timestamp NULL DEFAULT NULL
) ENGINE=InnoDB DEFAULT CHARSET=utf8mb4 COLLATE=utf8mb4_unicode_ci;

--
-- A tábla adatainak kiíratása `users`
--

INSERT INTO `users` (`id`, `name`, `email`, `email_verified_at`, `password`, `remember_token`, `created_at`, `updated_at`, `stripe_id`, `pm_type`, `pm_last_four`, `trial_ends_at`) VALUES
(1, 'Hank Larkin', 'carolina91@example.net', '2022-06-23 11:50:27', '$2y$10$92IXUNpkjO0rOQ5byMi.Ye4oKoEa3Ro9llC/.og/at2.uheWG/igi', 'xqTR5O1282', '2022-06-23 11:50:27', '2022-06-23 11:50:27', NULL, NULL, NULL, NULL),
(2, 'Elise Zieme', 'waters.sydney@example.com', '2022-06-23 11:50:27', '$2y$10$92IXUNpkjO0rOQ5byMi.Ye4oKoEa3Ro9llC/.og/at2.uheWG/igi', 'G68Ar17deO', '2022-06-23 11:50:27', '2022-06-23 11:50:27', NULL, NULL, NULL, NULL),
(3, 'Tyrese Goyette Jr.', 'astehr@example.net', '2022-06-23 11:50:27', '$2y$10$92IXUNpkjO0rOQ5byMi.Ye4oKoEa3Ro9llC/.og/at2.uheWG/igi', 'A7gaW25XzW', '2022-06-23 11:50:27', '2022-06-23 11:50:27', NULL, NULL, NULL, NULL),
(4, 'Prof. Dayne O\'Hara', 'lizzie92@example.net', '2022-06-23 11:50:27', '$2y$10$92IXUNpkjO0rOQ5byMi.Ye4oKoEa3Ro9llC/.og/at2.uheWG/igi', 'g0Ndj2FGOq', '2022-06-23 11:50:27', '2022-06-23 11:50:27', NULL, NULL, NULL, NULL),
(5, 'Prof. Nash Mante', 'nrath@example.net', '2022-06-23 11:50:27', '$2y$10$92IXUNpkjO0rOQ5byMi.Ye4oKoEa3Ro9llC/.og/at2.uheWG/igi', '9Qq8Fx2wOT', '2022-06-23 11:50:27', '2022-06-23 11:50:27', NULL, NULL, NULL, NULL),
(6, 'Juliet Marquardt', 'lockman.don@example.org', '2022-06-23 11:50:27', '$2y$10$92IXUNpkjO0rOQ5byMi.Ye4oKoEa3Ro9llC/.og/at2.uheWG/igi', 'OLqT9duz2V', '2022-06-23 11:50:27', '2022-06-23 11:50:27', NULL, NULL, NULL, NULL),
(7, 'Cleora Lesch', 'horacio14@example.org', '2022-06-23 11:50:27', '$2y$10$92IXUNpkjO0rOQ5byMi.Ye4oKoEa3Ro9llC/.og/at2.uheWG/igi', '0ngpQ2nibu', '2022-06-23 11:50:27', '2022-06-23 11:50:27', NULL, NULL, NULL, NULL),
(8, 'Merritt Ratke', 'dillon39@example.org', '2022-06-23 11:50:27', '$2y$10$92IXUNpkjO0rOQ5byMi.Ye4oKoEa3Ro9llC/.og/at2.uheWG/igi', 'QKEyWpfyFB', '2022-06-23 11:50:27', '2022-06-23 11:50:27', NULL, NULL, NULL, NULL),
(9, 'Nella Bogan', 'tia.fritsch@example.org', '2022-06-23 11:50:27', '$2y$10$92IXUNpkjO0rOQ5byMi.Ye4oKoEa3Ro9llC/.og/at2.uheWG/igi', '5wpbZb1loM', '2022-06-23 11:50:27', '2022-06-23 11:50:27', NULL, NULL, NULL, NULL),
(10, 'Kyra Toy IV', 'vherzog@example.net', '2022-06-23 11:50:27', '$2y$10$92IXUNpkjO0rOQ5byMi.Ye4oKoEa3Ro9llC/.og/at2.uheWG/igi', 'ffSKYdPNyy', '2022-06-23 11:50:27', '2022-06-23 11:50:27', NULL, NULL, NULL, NULL),
(11, 'Mrs. Annalise Paucek V', 'jbosco@example.net', '2022-06-23 11:50:27', '$2y$10$92IXUNpkjO0rOQ5byMi.Ye4oKoEa3Ro9llC/.og/at2.uheWG/igi', 'gNiZzGaM87', '2022-06-23 11:50:27', '2022-06-23 11:50:27', NULL, NULL, NULL, NULL),
(12, 'Dr. Selena Hegmann', 'braun.brain@example.com', '2022-06-23 11:50:27', '$2y$10$92IXUNpkjO0rOQ5byMi.Ye4oKoEa3Ro9llC/.og/at2.uheWG/igi', 't0LrQQLCzl', '2022-06-23 11:50:27', '2022-06-23 11:50:27', NULL, NULL, NULL, NULL),
(13, 'Bobby O\'Kon', 'lorenz.damore@example.com', '2022-06-23 11:50:27', '$2y$10$92IXUNpkjO0rOQ5byMi.Ye4oKoEa3Ro9llC/.og/at2.uheWG/igi', 'cVyFThHkNd', '2022-06-23 11:50:27', '2022-06-23 11:50:27', NULL, NULL, NULL, NULL),
(14, 'Sincere Gutmann', 'minerva.keeling@example.com', '2022-06-23 11:50:27', '$2y$10$92IXUNpkjO0rOQ5byMi.Ye4oKoEa3Ro9llC/.og/at2.uheWG/igi', 'Wkm6iU2Fg8', '2022-06-23 11:50:27', '2022-06-23 11:50:27', NULL, NULL, NULL, NULL),
(15, 'Deondre Nitzsche', 'brown02@example.org', '2022-06-23 11:50:27', '$2y$10$92IXUNpkjO0rOQ5byMi.Ye4oKoEa3Ro9llC/.og/at2.uheWG/igi', 'VEErDfIWyN', '2022-06-23 11:50:27', '2022-06-23 11:50:27', NULL, NULL, NULL, NULL),
(16, 'Mr. Sage Weissnat', 'caleb.kuphal@example.net', '2022-06-23 11:50:27', '$2y$10$92IXUNpkjO0rOQ5byMi.Ye4oKoEa3Ro9llC/.og/at2.uheWG/igi', 'rByP0eQHOi', '2022-06-23 11:50:27', '2022-06-23 11:50:27', NULL, NULL, NULL, NULL),
(17, 'Lloyd Greenfelder PhD', 'easton.klocko@example.org', '2022-06-23 11:50:27', '$2y$10$92IXUNpkjO0rOQ5byMi.Ye4oKoEa3Ro9llC/.og/at2.uheWG/igi', 'rGTLYrTXrR', '2022-06-23 11:50:27', '2022-06-23 11:50:27', NULL, NULL, NULL, NULL),
(18, 'Amie Leffler', 'zgusikowski@example.org', '2022-06-23 11:50:27', '$2y$10$92IXUNpkjO0rOQ5byMi.Ye4oKoEa3Ro9llC/.og/at2.uheWG/igi', 'jAmK19dDAI', '2022-06-23 11:50:27', '2022-06-23 11:50:27', NULL, NULL, NULL, NULL),
(19, 'Leonard Lynch', 'odubuque@example.net', '2022-06-23 11:50:27', '$2y$10$92IXUNpkjO0rOQ5byMi.Ye4oKoEa3Ro9llC/.og/at2.uheWG/igi', 'UwvMjIXH7G', '2022-06-23 11:50:27', '2022-06-23 11:50:27', NULL, NULL, NULL, NULL),
(20, 'Osbaldo O\'Hara DDS', 'bernser@example.org', '2022-06-23 11:50:27', '$2y$10$92IXUNpkjO0rOQ5byMi.Ye4oKoEa3Ro9llC/.og/at2.uheWG/igi', '03SH9CiLXB', '2022-06-23 11:50:27', '2022-06-23 11:50:27', NULL, NULL, NULL, NULL),
(21, 'Test Robin', 'test@test.hu', NULL, '$2y$10$mBxEG9OUJG4ik5TguyeP/OQEIS9GwbH57lYimqCdlVmR/G6LeFF8C', NULL, '2022-06-23 17:43:04', '2022-06-23 17:43:05', 'cus_LvnWZ0o0eh2O2W', NULL, NULL, NULL);

--
-- Indexek a kiírt táblákhoz
--

--
-- A tábla indexei `clicks`
--
ALTER TABLE `clicks`
  ADD PRIMARY KEY (`id`);

--
-- A tábla indexei `failed_jobs`
--
ALTER TABLE `failed_jobs`
  ADD PRIMARY KEY (`id`),
  ADD UNIQUE KEY `failed_jobs_uuid_unique` (`uuid`);

--
-- A tábla indexei `listings`
--
ALTER TABLE `listings`
  ADD PRIMARY KEY (`id`);

--
-- A tábla indexei `migrations`
--
ALTER TABLE `migrations`
  ADD PRIMARY KEY (`id`);

--
-- A tábla indexei `password_resets`
--
ALTER TABLE `password_resets`
  ADD KEY `password_resets_email_index` (`email`);

--
-- A tábla indexei `personal_access_tokens`
--
ALTER TABLE `personal_access_tokens`
  ADD PRIMARY KEY (`id`),
  ADD UNIQUE KEY `personal_access_tokens_token_unique` (`token`),
  ADD KEY `personal_access_tokens_tokenable_type_tokenable_id_index` (`tokenable_type`,`tokenable_id`);

--
-- A tábla indexei `subscriptions`
--
ALTER TABLE `subscriptions`
  ADD PRIMARY KEY (`id`),
  ADD UNIQUE KEY `subscriptions_stripe_id_unique` (`stripe_id`),
  ADD KEY `subscriptions_user_id_stripe_status_index` (`user_id`,`stripe_status`);

--
-- A tábla indexei `subscription_items`
--
ALTER TABLE `subscription_items`
  ADD PRIMARY KEY (`id`),
  ADD UNIQUE KEY `subscription_items_subscription_id_stripe_price_unique` (`subscription_id`,`stripe_price`),
  ADD UNIQUE KEY `subscription_items_stripe_id_unique` (`stripe_id`);

--
-- A tábla indexei `tags`
--
ALTER TABLE `tags`
  ADD PRIMARY KEY (`id`);

--
-- A tábla indexei `users`
--
ALTER TABLE `users`
  ADD PRIMARY KEY (`id`),
  ADD UNIQUE KEY `users_email_unique` (`email`),
  ADD KEY `users_stripe_id_index` (`stripe_id`);

--
-- A kiírt táblák AUTO_INCREMENT értéke
--

--
-- AUTO_INCREMENT a táblához `clicks`
--
ALTER TABLE `clicks`
  MODIFY `id` bigint(20) UNSIGNED NOT NULL AUTO_INCREMENT, AUTO_INCREMENT=5;

--
-- AUTO_INCREMENT a táblához `failed_jobs`
--
ALTER TABLE `failed_jobs`
  MODIFY `id` bigint(20) UNSIGNED NOT NULL AUTO_INCREMENT;

--
-- AUTO_INCREMENT a táblához `listings`
--
ALTER TABLE `listings`
  MODIFY `id` bigint(20) UNSIGNED NOT NULL AUTO_INCREMENT, AUTO_INCREMENT=47;

--
-- AUTO_INCREMENT a táblához `migrations`
--
ALTER TABLE `migrations`
  MODIFY `id` int(10) UNSIGNED NOT NULL AUTO_INCREMENT, AUTO_INCREMENT=67;

--
-- AUTO_INCREMENT a táblához `personal_access_tokens`
--
ALTER TABLE `personal_access_tokens`
  MODIFY `id` bigint(20) UNSIGNED NOT NULL AUTO_INCREMENT;

--
-- AUTO_INCREMENT a táblához `subscriptions`
--
ALTER TABLE `subscriptions`
  MODIFY `id` bigint(20) UNSIGNED NOT NULL AUTO_INCREMENT;

--
-- AUTO_INCREMENT a táblához `subscription_items`
--
ALTER TABLE `subscription_items`
  MODIFY `id` bigint(20) UNSIGNED NOT NULL AUTO_INCREMENT;

--
-- AUTO_INCREMENT a táblához `tags`
--
ALTER TABLE `tags`
  MODIFY `id` bigint(20) UNSIGNED NOT NULL AUTO_INCREMENT, AUTO_INCREMENT=14;

--
-- AUTO_INCREMENT a táblához `users`
--
ALTER TABLE `users`
  MODIFY `id` bigint(20) UNSIGNED NOT NULL AUTO_INCREMENT, AUTO_INCREMENT=22;
COMMIT;

/*!40101 SET CHARACTER_SET_CLIENT=@OLD_CHARACTER_SET_CLIENT */;
/*!40101 SET CHARACTER_SET_RESULTS=@OLD_CHARACTER_SET_RESULTS */;
/*!40101 SET COLLATION_CONNECTION=@OLD_COLLATION_CONNECTION */;
